/*
 Navicat Premium Data Transfer

 Source Server         : oliver
 Source Server Type    : MySQL
 Source Server Version : 50725
 Source Host           : localhost:3306
 Source Schema         : erp

 Target Server Type    : MySQL
 Target Server Version : 50725
 File Encoding         : 65001

 Date: 30/05/2019 17:53:33
*/

SET NAMES utf8mb4;
SET FOREIGN_KEY_CHECKS = 0;

-- ----------------------------
-- Table structure for authorities
-- ----------------------------
DROP TABLE IF EXISTS `authorities`;
CREATE TABLE `authorities`  (
  `id` bigint(20) NOT NULL AUTO_INCREMENT,
  `authority` varchar(255) CHARACTER SET utf8 COLLATE utf8_general_ci NULL DEFAULT NULL,
  `username` varchar(255) CHARACTER SET utf8 COLLATE utf8_general_ci NULL DEFAULT NULL,
  `role_id` bigint(20) NULL DEFAULT NULL,
  `users_id` bigint(20) NULL DEFAULT NULL,
  PRIMARY KEY (`id`) USING BTREE,
  INDEX `FKlcdevx7gs0kv62awadnvy4nle`(`role_id`) USING BTREE,
  INDEX `FKsy3l1rk8m2xc27y1os60jdii2`(`users_id`) USING BTREE,
  CONSTRAINT `FKlcdevx7gs0kv62awadnvy4nle` FOREIGN KEY (`role_id`) REFERENCES `role` (`id`) ON DELETE RESTRICT ON UPDATE RESTRICT,
  CONSTRAINT `FKsy3l1rk8m2xc27y1os60jdii2` FOREIGN KEY (`users_id`) REFERENCES `users` (`id`) ON DELETE RESTRICT ON UPDATE RESTRICT
) ENGINE = InnoDB AUTO_INCREMENT = 6 CHARACTER SET = utf8 COLLATE = utf8_general_ci COMMENT = '用戶角色表' ROW_FORMAT = Compact;

-- ----------------------------
-- Records of authorities
-- ----------------------------
INSERT INTO `authorities` VALUES (1, 'ROLE_ADMIN', 'admin', 1, 1);
INSERT INTO `authorities` VALUES (2, 'ROLE_DEVELOPER', 'developer', 6, 5);
INSERT INTO `authorities` VALUES (3, 'ROLE_ENGINEER', 'engineer001', 2, 2);
INSERT INTO `authorities` VALUES (4, 'ROLE_PMC', 'pmc001', 3, 3);
INSERT INTO `authorities` VALUES (5, 'ROLE_STORE', 'store001', 5, 5);

-- ----------------------------
-- Table structure for menu
-- ----------------------------
DROP TABLE IF EXISTS `menu`;
CREATE TABLE `menu`  (
  `id` bigint(20) NOT NULL AUTO_INCREMENT,
  `enable` bit(1) NULL DEFAULT NULL,
  `icon` varchar(255) CHARACTER SET utf8 COLLATE utf8_general_ci NULL DEFAULT NULL,
  `name` varchar(255) CHARACTER SET utf8 COLLATE utf8_general_ci NULL DEFAULT NULL,
  `orderIndex` int(11) NULL DEFAULT NULL,
  `url` varchar(255) CHARACTER SET utf8 COLLATE utf8_general_ci NULL DEFAULT NULL,
  `visible` bit(1) NULL DEFAULT NULL,
  `menu_id` bigint(20) NULL DEFAULT NULL,
  PRIMARY KEY (`id`) USING BTREE,
  INDEX `FKpdmgeuh2wwrc8n26vvvj1ptul`(`menu_id`) USING BTREE,
  CONSTRAINT `FKpdmgeuh2wwrc8n26vvvj1ptul` FOREIGN KEY (`menu_id`) REFERENCES `menu` (`id`) ON DELETE RESTRICT ON UPDATE RESTRICT
) ENGINE = InnoDB AUTO_INCREMENT = 117 CHARACTER SET = utf8 COLLATE = utf8_general_ci COMMENT = '權限表' ROW_FORMAT = Compact;

-- ----------------------------
-- Records of menu
-- ----------------------------
INSERT INTO `menu` VALUES (1, b'1', 'user', '系統設置', 11, NULL, b'1', NULL);
INSERT INTO `menu` VALUES (2, b'1', 'code', '工程部', 1, NULL, b'1', NULL);
INSERT INTO `menu` VALUES (3, b'1', 'pie-chart', '光身資料', 2, '/engineering/part', b'1', 2);
INSERT INTO `menu` VALUES (4, b'1', 'fund', '工程跟進', 4, '/engineering/followup', b'1', 2);
INSERT INTO `menu` VALUES (5, b'1', 'user', '用戶管理', 11, '/system/users', b'1', 1);
INSERT INTO `menu` VALUES (6, b'1', '', '打辦通知單', 0, '/engineering/product/apply/:id', b'0', 9);
INSERT INTO `menu` VALUES (7, b'1', 'user', 'PMC', 3, NULL, b'1', NULL);
INSERT INTO `menu` VALUES (8, b'1', 'user', '訂購管理', 1, '/pmc/purchase', b'1', 7);
INSERT INTO `menu` VALUES (9, b'1', 'code', '產品資料', 1, '/engineering/product', b'1', 2);
INSERT INTO `menu` VALUES (10, b'1', '', '物料清單', 0, '/engineering/product/bom/:id', b'0', 9);
INSERT INTO `menu` VALUES (11, b'1', 'user', '工程部', 11, NULL, b'1', 7);
INSERT INTO `menu` VALUES (12, b'1', 'user', '打辦申請', 1, '/pmc/engineering/apply', b'1', 11);
INSERT INTO `menu` VALUES (13, b'1', 'user', '倉庫管理', 2, NULL, b'1', NULL);
INSERT INTO `menu` VALUES (17, b'1', 'user', '入庫管理', 3, '/store/in', b'1', 13);
INSERT INTO `menu` VALUES (18, b'1', 'user', '採購入庫', 2, '/store/in/purchase', b'1', 17);
INSERT INTO `menu` VALUES (19, b'1', 'user', '客供入庫', 3, '/store/in/supply', b'1', 17);
INSERT INTO `menu` VALUES (20, b'1', 'user', '生產入庫', 4, '/store/in/rubber', b'1', 17);
INSERT INTO `menu` VALUES (21, b'1', 'user', '生產訂單', 6, '/pmc/producing/index', b'1', 7);
INSERT INTO `menu` VALUES (22, b'1', 'user', '生產排期', 7, NULL, b'1', 7);
INSERT INTO `menu` VALUES (23, b'1', 'user', '注塑生產', 1, NULL, b'1', 22);
INSERT INTO `menu` VALUES (25, b'1', 'user', '注塑排期', 2, '/pmc/toolplan', b'1', 23);
INSERT INTO `menu` VALUES (27, b'1', 'user', '裝配生產', 2, NULL, b'1', 22);
INSERT INTO `menu` VALUES (29, b'1', 'user', '裝配排期', 2, '/pmc/assemble', b'1', 27);
INSERT INTO `menu` VALUES (31, b'1', 'user', '噴移生產清單', 3, NULL, b'1', 22);
INSERT INTO `menu` VALUES (33, b'1', 'user', '噴移排期', 2, '/pmc/print', b'1', 31);
INSERT INTO `menu` VALUES (35, b'1', 'user', '內部訂單', 2, '/pmc/order?booking=false', b'1', 7);
INSERT INTO `menu` VALUES (36, b'1', 'user', '訂單排期', 4, '/pmc/cycle', b'1', 7);
INSERT INTO `menu` VALUES (39, b'1', 'user', '注塑跟進', 1, '/pmc/producing/toolplan/:id', b'0', 21);
INSERT INTO `menu` VALUES (40, b'1', 'user', '裝配跟進', 1, '/pmc/producing/assemble/:id', b'0', 21);
INSERT INTO `menu` VALUES (41, b'1', 'user', '噴移跟進', 1, '/pmc/producing/print/:id', b'0', 21);
INSERT INTO `menu` VALUES (42, b'1', 'user', '光身編輯', 1, '/engineering/part/item/:id', b'0', 2);
INSERT INTO `menu` VALUES (43, b'1', 'user', '出庫管理', 4, '/store/out/material', b'1', 13);
INSERT INTO `menu` VALUES (44, b'1', 'user', '派料管理', 9, '/pmc/out/material', b'1', 7);
INSERT INTO `menu` VALUES (46, b'1', 'user', '注塑部', 4, NULL, b'1', NULL);
INSERT INTO `menu` VALUES (47, b'1', 'user', '生產計劃', 1, NULL, b'1', 46);
INSERT INTO `menu` VALUES (48, b'1', 'user', '物料管理', 2, NULL, b'1', 46);
INSERT INTO `menu` VALUES (49, b'1', 'user', '注塑生產清單', 1, '/toolplan/producing', b'1', 47);
INSERT INTO `menu` VALUES (50, b'1', 'user', '注塑生產計劃', 2, '/toolplan/planning', b'1', 47);
INSERT INTO `menu` VALUES (51, b'1', 'user', '生產領料', 1, '/producing/out/material', b'1', 48);
INSERT INTO `menu` VALUES (52, b'1', 'user', '膠件入倉', 2, '/toolplan/in/material', b'1', 48);
INSERT INTO `menu` VALUES (53, b'1', 'user', '裝配部', 5, NULL, b'1', NULL);
INSERT INTO `menu` VALUES (54, b'1', 'user', '生產計劃', 1, NULL, b'1', 53);
INSERT INTO `menu` VALUES (55, b'1', 'user', '物料管理', 2, NULL, b'1', 53);
INSERT INTO `menu` VALUES (56, b'1', 'user', '裝配生產清單', 1, '/assemble/producing', b'1', 54);
INSERT INTO `menu` VALUES (57, b'1', 'user', '裝配生產計劃', 2, '/assemble/planning', b'1', 54);
INSERT INTO `menu` VALUES (58, b'1', 'user', '生產領料', 1, '/producing/out/material', b'1', 55);
INSERT INTO `menu` VALUES (59, b'1', 'user', '膠件入倉', 2, '/producing/in/material', b'1', 55);
INSERT INTO `menu` VALUES (60, b'1', 'user', '噴移部', 6, NULL, b'1', NULL);
INSERT INTO `menu` VALUES (61, b'1', 'user', '生產計劃', 1, NULL, b'1', 60);
INSERT INTO `menu` VALUES (62, b'1', 'user', '物料管理', 2, NULL, b'1', 60);
INSERT INTO `menu` VALUES (63, b'1', 'user', '噴移生產清單', 1, '/print/producing', b'1', 61);
INSERT INTO `menu` VALUES (64, b'1', 'user', '噴移生產計劃', 2, '/print/planning', b'1', 61);
INSERT INTO `menu` VALUES (65, b'1', 'user', '生產領料', 1, '/producing/out/material', b'1', 62);
INSERT INTO `menu` VALUES (66, b'1', 'user', '膠件入倉', 2, '/producing/in/material', b'1', 62);
INSERT INTO `menu` VALUES (67, b'1', 'user', '船務管理', 10, '/pmc/shipment', b'1', 7);
INSERT INTO `menu` VALUES (69, b'1', 'user', '生產備料', 4, '/pmc/material', b'1', 7);
INSERT INTO `menu` VALUES (70, b'1', 'user', '角色管理', 2, '/system/role', b'1', 1);
INSERT INTO `menu` VALUES (71, b'1', 'user', '客戶管理', 1, '/pmc/customer', b'1', 112);
INSERT INTO `menu` VALUES (72, b'1', 'user', '供應商管理', 2, '/pmc/supplier', b'1', 112);
INSERT INTO `menu` VALUES (73, b'1', 'user', '包裝跟進', 0, '/pmc/order/packaging/:id', b'0', 35);
INSERT INTO `menu` VALUES (75, b'1', '', '裝配排拉', 0, '/engineering/product/step/:id', b'0', 9);
INSERT INTO `menu` VALUES (76, b'1', '', '包裝規格', 0, '/engineering/product/packing/:id', b'0', 9);
INSERT INTO `menu` VALUES (77, b'1', '', '模具記錄', 0, '/engineering/part/toolplan/:id', b'0', 3);
INSERT INTO `menu` VALUES (78, b'1', '', '裝配排拉', 0, '/engineering/part/step/:id', b'0', 3);
INSERT INTO `menu` VALUES (79, b'0', 'user', '品質管理', 7, NULL, b'0', NULL);
INSERT INTO `menu` VALUES (80, b'0', 'user', '來料檢驗', 1, '/qc/in/purchase', b'0', 79);
INSERT INTO `menu` VALUES (81, b'0', 'user', '首件檢查', 1, '/qc/firstcheck', b'0', 79);
INSERT INTO `menu` VALUES (82, b'1', 'user', '預訂單', 3, '/pmc/bookingOrder', b'1', 7);
INSERT INTO `menu` VALUES (83, b'1', 'user', '外發管理', 8, NULL, b'1', 7);
INSERT INTO `menu` VALUES (84, b'1', 'user', '注塑外發', 1, '/pmc/toolOutWork', b'1', 83);
INSERT INTO `menu` VALUES (85, b'1', 'user', '噴移外發', 2, '/pmc/partOutWork', b'1', 83);
INSERT INTO `menu` VALUES (86, b'1', 'user', '外發工廠', 0, '/pmc/factory', b'1', 83);
INSERT INTO `menu` VALUES (87, b'0', 'user', '訂單排期', 1, '/pmc/cycleOrder', b'0', 36);
INSERT INTO `menu` VALUES (88, b'1', 'user', '訂單排期', 0, '/pmc/cycleOrder', b'0', 36);
INSERT INTO `menu` VALUES (89, b'1', 'user', 'QA管理', 7, NULL, b'1', NULL);
INSERT INTO `menu` VALUES (90, b'1', 'user', 'QC管理', 8, NULL, b'1', NULL);
INSERT INTO `menu` VALUES (91, b'1', 'user', '採購入庫檢驗', 1, '/qa/purchase', b'1', 89);
INSERT INTO `menu` VALUES (92, b'1', 'user', '生產入庫檢驗', 2, '/qa/producing', b'1', 89);
INSERT INTO `menu` VALUES (93, b'1', 'user', '注塑生產任務', 1, '/qc/producingTool', b'1', 90);
INSERT INTO `menu` VALUES (94, b'1', 'user', '零件資料', 3, '/engineering/material', b'1', 2);
INSERT INTO `menu` VALUES (95, b'1', 'user', '注塑派料', 6, '/store/toolplan', b'1', 13);
INSERT INTO `menu` VALUES (96, b'1', 'user', '報關管理', 9, NULL, b'1', NULL);
INSERT INTO `menu` VALUES (97, b'1', 'user', '報關原料', 4, '/custom/material', b'1', 96);
INSERT INTO `menu` VALUES (98, b'1', 'user', '原料出入', 1, '/custom/inout', b'1', 96);
INSERT INTO `menu` VALUES (99, b'1', 'user', '部門占料', 2, '/custom/distribution', b'1', 96);
INSERT INTO `menu` VALUES (100, b'1', 'user', '產品原料', 3, '/custom/product', b'1', 96);
INSERT INTO `menu` VALUES (101, b'1', '', '光身成品預算', 1, '/finance/itemcost', b'1', 103);
INSERT INTO `menu` VALUES (102, b'1', '', '產品成本預算', 2, '/finance/productcost', b'1', 103);
INSERT INTO `menu` VALUES (103, b'1', 'user', '成本管理', 10, NULL, b'1', NULL);
INSERT INTO `menu` VALUES (104, b'1', '', '工位作業指導書', 11, '/engineering/part/position/:id', b'0', 3);
INSERT INTO `menu` VALUES (105, b'1', '', '噴油工藝流程', 12, '/engineering/part/printoil/:id', b'0', 3);
INSERT INTO `menu` VALUES (106, b'1', '', '工位作業指導書', 11, '/engineering/part/position/:id', b'0', 3);
INSERT INTO `menu` VALUES (107, b'1', '', '噴油工藝流程', 12, '/engineering/part/printoil/:id', b'0', 3);
INSERT INTO `menu` VALUES (108, b'1', '', '工程通知書', 13, '/engineering/part/edm/:id', b'0', 2);
INSERT INTO `menu` VALUES (109, b'1', 'user', '仓库设置', 1, '/store/depot', b'1', 13);
INSERT INTO `menu` VALUES (110, b'1', 'user', '仓管员设置', 2, '/store/employee', b'1', 13);
INSERT INTO `menu` VALUES (111, b'1', 'user', '实时库存', 5, '/store/stock', b'1', 13);
INSERT INTO `menu` VALUES (112, b'1', 'user', '基础设置', 12, NULL, b'1', 7);
INSERT INTO `menu` VALUES (113, b'1', 'user', '损耗设置', 3, '/pmc/loss', b'1', 112);
INSERT INTO `menu` VALUES (114, b'1', 'user', '工程问题上报', 12, '/followup', b'1', NULL);
INSERT INTO `menu` VALUES (115, b'1', '', '產品規格', 14, '/engineering/product/specification/:id', b'0', 2);
INSERT INTO `menu` VALUES (116, b'1', NULL, '夾具清單', 6, '/engineering/product/fixture/:id', b'0', 9);

-- ----------------------------
-- Table structure for oauth_access_token
-- ----------------------------
DROP TABLE IF EXISTS `oauth_access_token`;
CREATE TABLE `oauth_access_token`  (
  `token_id` varchar(255) CHARACTER SET utf8 COLLATE utf8_general_ci NOT NULL,
  `token` blob NULL,
  `authentication_id` varchar(255) CHARACTER SET utf8 COLLATE utf8_general_ci NULL DEFAULT NULL,
  `user_name` varchar(255) CHARACTER SET utf8 COLLATE utf8_general_ci NULL DEFAULT NULL,
  `client_id` varchar(255) CHARACTER SET utf8 COLLATE utf8_general_ci NULL DEFAULT NULL,
  `authentication` blob NULL,
  `refresh_token` varchar(255) CHARACTER SET utf8 COLLATE utf8_general_ci NULL DEFAULT NULL,
  PRIMARY KEY (`token_id`) USING BTREE
) ENGINE = InnoDB CHARACTER SET = utf8 COLLATE = utf8_general_ci ROW_FORMAT = Compact;

-- ----------------------------
-- Records of oauth_access_token
-- ----------------------------
INSERT INTO `oauth_access_token` VALUES ('a120045b4d56f516c70fe965a99c28f9', 0xACED0005737200436F72672E737072696E676672616D65776F726B2E73656375726974792E6F61757468322E636F6D6D6F6E2E44656661756C744F4175746832416363657373546F6B656E0CB29E361B24FACE0200064C00156164646974696F6E616C496E666F726D6174696F6E74000F4C6A6176612F7574696C2F4D61703B4C000A65787069726174696F6E7400104C6A6176612F7574696C2F446174653B4C000C72656672657368546F6B656E74003F4C6F72672F737072696E676672616D65776F726B2F73656375726974792F6F61757468322F636F6D6D6F6E2F4F417574683252656672657368546F6B656E3B4C000573636F706574000F4C6A6176612F7574696C2F5365743B4C0009746F6B656E547970657400124C6A6176612F6C616E672F537472696E673B4C000576616C756571007E000578707372001E6A6176612E7574696C2E436F6C6C656374696F6E7324456D7074794D6170593614855ADCE7D002000078707372000E6A6176612E7574696C2E44617465686A81014B5974190300007870770800000180C2C4B6DE7870737200256A6176612E7574696C2E436F6C6C656374696F6E7324556E6D6F6469666961626C65536574801D92D18F9B80550200007872002C6A6176612E7574696C2E436F6C6C656374696F6E7324556E6D6F6469666961626C65436F6C6C656374696F6E19420080CB5EF71E0200014C0001637400164C6A6176612F7574696C2F436F6C6C656374696F6E3B7870737200176A6176612E7574696C2E4C696E6B656448617368536574D86CD75A95DD2A1E020000787200116A6176612E7574696C2E48617368536574BA44859596B8B7340300007870770C000000023F40000000000001740003616E797874000662656172657274002466623662613235302D343239662D343037342D393235362D313765643439626362343630, 'e30681566522967b89300d1cb2becc60', 'admin', 'erp', 0xACED0005737200416F72672E737072696E676672616D65776F726B2E73656375726974792E6F61757468322E70726F76696465722E4F417574683241757468656E7469636174696F6EBD400B02166252130200024C000D73746F7265645265717565737474003C4C6F72672F737072696E676672616D65776F726B2F73656375726974792F6F61757468322F70726F76696465722F4F4175746832526571756573743B4C00127573657241757468656E7469636174696F6E7400324C6F72672F737072696E676672616D65776F726B2F73656375726974792F636F72652F41757468656E7469636174696F6E3B787200476F72672E737072696E676672616D65776F726B2E73656375726974792E61757468656E7469636174696F6E2E416273747261637441757468656E7469636174696F6E546F6B656ED3AA287E6E47640E0200035A000D61757468656E746963617465644C000B617574686F7269746965737400164C6A6176612F7574696C2F436F6C6C656374696F6E3B4C000764657461696C737400124C6A6176612F6C616E672F4F626A6563743B787000737200266A6176612E7574696C2E436F6C6C656374696F6E7324556E6D6F6469666961626C654C697374FC0F2531B5EC8E100200014C00046C6973747400104C6A6176612F7574696C2F4C6973743B7872002C6A6176612E7574696C2E436F6C6C656374696F6E7324556E6D6F6469666961626C65436F6C6C656374696F6E19420080CB5EF71E0200014C00016371007E00047870737200136A6176612E7574696C2E41727261794C6973747881D21D99C7619D03000149000473697A65787000000001770400000001737200426F72672E737072696E676672616D65776F726B2E73656375726974792E636F72652E617574686F726974792E53696D706C654772616E746564417574686F7269747900000000000001FE0200014C0004726F6C657400124C6A6176612F6C616E672F537472696E673B787074000A524F4C455F41444D494E7871007E000C707372003A6F72672E737072696E676672616D65776F726B2E73656375726974792E6F61757468322E70726F76696465722E4F41757468325265717565737400000000000000010200075A0008617070726F7665644C000B617574686F72697469657371007E00044C000A657874656E73696F6E7374000F4C6A6176612F7574696C2F4D61703B4C000B726564697265637455726971007E000E4C00077265667265736874003B4C6F72672F737072696E676672616D65776F726B2F73656375726974792F6F61757468322F70726F76696465722F546F6B656E526571756573743B4C000B7265736F7572636549647374000F4C6A6176612F7574696C2F5365743B4C000D726573706F6E7365547970657371007E0014787200386F72672E737072696E676672616D65776F726B2E73656375726974792E6F61757468322E70726F76696465722E426173655265717565737436287A3EA37169BD0200034C0008636C69656E74496471007E000E4C001172657175657374506172616D657465727371007E00124C000573636F706571007E00147870740003657270737200256A6176612E7574696C2E436F6C6C656374696F6E7324556E6D6F6469666961626C654D6170F1A5A8FE74F507420200014C00016D71007E00127870737200116A6176612E7574696C2E486173684D61700507DAC1C31660D103000246000A6C6F6164466163746F724900097468726573686F6C6478703F400000000000067708000000080000000474000A6772616E745F7479706574000870617373776F7264740009636C69656E745F696474000365727074000573636F7065740003616E79740008757365726E616D6574000561646D696E78737200256A6176612E7574696C2E436F6C6C656374696F6E7324556E6D6F6469666961626C65536574801D92D18F9B80550200007871007E0009737200176A6176612E7574696C2E4C696E6B656448617368536574D86CD75A95DD2A1E020000787200116A6176612E7574696C2E48617368536574BA44859596B8B7340300007870770C000000103F4000000000000171007E002178017371007E0027770C000000103F400000000000017371007E000D740009524F4C455F55534552787371007E001A3F40000000000000770800000010000000007870707371007E0027770C000000103F40000000000000787371007E0027770C000000103F40000000000000787372004F6F72672E737072696E676672616D65776F726B2E73656375726974792E61757468656E7469636174696F6E2E557365726E616D6550617373776F726441757468656E7469636174696F6E546F6B656E00000000000001FE0200024C000B63726564656E7469616C7371007E00054C00097072696E636970616C71007E00057871007E0003017371007E00077371007E000B0000000177040000000171007E000F7871007E0032737200176A6176612E7574696C2E4C696E6B6564486173684D617034C04E5C106CC0FB0200015A000B6163636573734F726465727871007E001A3F4000000000000C7708000000100000000571007E001C71007E001D71007E002071007E002174000D636C69656E745F736563726574740005796978696E71007E001E71007E001F71007E002271007E0023780070737200326F72672E737072696E676672616D65776F726B2E73656375726974792E636F72652E7573657264657461696C732E5573657200000000000001FE0200075A00116163636F756E744E6F6E457870697265645A00106163636F756E744E6F6E4C6F636B65645A001563726564656E7469616C734E6F6E457870697265645A0007656E61626C65644C000B617574686F72697469657371007E00144C000870617373776F726471007E000E4C0008757365726E616D6571007E000E7870010101017371007E0024737200116A6176612E7574696C2E54726565536574DD98509395ED875B0300007870737200466F72672E737072696E676672616D65776F726B2E73656375726974792E636F72652E7573657264657461696C732E5573657224417574686F72697479436F6D70617261746F7200000000000001FE020000787077040000000171007E000F787074000561646D696E, NULL);
INSERT INTO `oauth_access_token` VALUES ('b0f48424a87ddf203a7b203bdc0f30a5', 0xACED0005737200436F72672E737072696E676672616D65776F726B2E73656375726974792E6F61757468322E636F6D6D6F6E2E44656661756C744F4175746832416363657373546F6B656E0CB29E361B24FACE0200064C00156164646974696F6E616C496E666F726D6174696F6E74000F4C6A6176612F7574696C2F4D61703B4C000A65787069726174696F6E7400104C6A6176612F7574696C2F446174653B4C000C72656672657368546F6B656E74003F4C6F72672F737072696E676672616D65776F726B2F73656375726974792F6F61757468322F636F6D6D6F6E2F4F417574683252656672657368546F6B656E3B4C000573636F706574000F4C6A6176612F7574696C2F5365743B4C0009746F6B656E547970657400124C6A6176612F6C616E672F537472696E673B4C000576616C756571007E000578707372001E6A6176612E7574696C2E436F6C6C656374696F6E7324456D7074794D6170593614855ADCE7D002000078707372000E6A6176612E7574696C2E44617465686A81014B5974190300007870770800000180D88D1AC67870737200256A6176612E7574696C2E436F6C6C656374696F6E7324556E6D6F6469666961626C65536574801D92D18F9B80550200007872002C6A6176612E7574696C2E436F6C6C656374696F6E7324556E6D6F6469666961626C65436F6C6C656374696F6E19420080CB5EF71E0200014C0001637400164C6A6176612F7574696C2F436F6C6C656374696F6E3B7870737200176A6176612E7574696C2E4C696E6B656448617368536574D86CD75A95DD2A1E020000787200116A6176612E7574696C2E48617368536574BA44859596B8B7340300007870770C000000023F40000000000001740003616E797874000662656172657274002464373732303665392D653839392D343434632D383362662D346461333762323036303138, 'c53a4fdb0e1c3c31e665e848845ec736', 'developer', 'erp', 0xACED0005737200416F72672E737072696E676672616D65776F726B2E73656375726974792E6F61757468322E70726F76696465722E4F417574683241757468656E7469636174696F6EBD400B02166252130200024C000D73746F7265645265717565737474003C4C6F72672F737072696E676672616D65776F726B2F73656375726974792F6F61757468322F70726F76696465722F4F4175746832526571756573743B4C00127573657241757468656E7469636174696F6E7400324C6F72672F737072696E676672616D65776F726B2F73656375726974792F636F72652F41757468656E7469636174696F6E3B787200476F72672E737072696E676672616D65776F726B2E73656375726974792E61757468656E7469636174696F6E2E416273747261637441757468656E7469636174696F6E546F6B656ED3AA287E6E47640E0200035A000D61757468656E746963617465644C000B617574686F7269746965737400164C6A6176612F7574696C2F436F6C6C656374696F6E3B4C000764657461696C737400124C6A6176612F6C616E672F4F626A6563743B787000737200266A6176612E7574696C2E436F6C6C656374696F6E7324556E6D6F6469666961626C654C697374FC0F2531B5EC8E100200014C00046C6973747400104C6A6176612F7574696C2F4C6973743B7872002C6A6176612E7574696C2E436F6C6C656374696F6E7324556E6D6F6469666961626C65436F6C6C656374696F6E19420080CB5EF71E0200014C00016371007E00047870737200136A6176612E7574696C2E41727261794C6973747881D21D99C7619D03000149000473697A65787000000002770400000002737200426F72672E737072696E676672616D65776F726B2E73656375726974792E636F72652E617574686F726974792E53696D706C654772616E746564417574686F7269747900000000000001FE0200014C0004726F6C657400124C6A6176612F6C616E672F537472696E673B787074000E524F4C455F444556454C4F5045527371007E000D74000A524F4C455F53544F52457871007E000C707372003A6F72672E737072696E676672616D65776F726B2E73656375726974792E6F61757468322E70726F76696465722E4F41757468325265717565737400000000000000010200075A0008617070726F7665644C000B617574686F72697469657371007E00044C000A657874656E73696F6E7374000F4C6A6176612F7574696C2F4D61703B4C000B726564697265637455726971007E000E4C00077265667265736874003B4C6F72672F737072696E676672616D65776F726B2F73656375726974792F6F61757468322F70726F76696465722F546F6B656E526571756573743B4C000B7265736F7572636549647374000F4C6A6176612F7574696C2F5365743B4C000D726573706F6E7365547970657371007E0016787200386F72672E737072696E676672616D65776F726B2E73656375726974792E6F61757468322E70726F76696465722E426173655265717565737436287A3EA37169BD0200034C0008636C69656E74496471007E000E4C001172657175657374506172616D657465727371007E00144C000573636F706571007E00167870740003657270737200256A6176612E7574696C2E436F6C6C656374696F6E7324556E6D6F6469666961626C654D6170F1A5A8FE74F507420200014C00016D71007E00147870737200116A6176612E7574696C2E486173684D61700507DAC1C31660D103000246000A6C6F6164466163746F724900097468726573686F6C6478703F400000000000067708000000080000000474000A6772616E745F7479706574000870617373776F7264740009636C69656E745F696474000365727074000573636F7065740003616E79740008757365726E616D65740009646576656C6F70657278737200256A6176612E7574696C2E436F6C6C656374696F6E7324556E6D6F6469666961626C65536574801D92D18F9B80550200007871007E0009737200176A6176612E7574696C2E4C696E6B656448617368536574D86CD75A95DD2A1E020000787200116A6176612E7574696C2E48617368536574BA44859596B8B7340300007870770C000000103F4000000000000171007E002378017371007E0029770C000000103F400000000000017371007E000D740009524F4C455F55534552787371007E001C3F40000000000000770800000010000000007870707371007E0029770C000000103F40000000000000787371007E0029770C000000103F40000000000000787372004F6F72672E737072696E676672616D65776F726B2E73656375726974792E61757468656E7469636174696F6E2E557365726E616D6550617373776F726441757468656E7469636174696F6E546F6B656E00000000000001FE0200024C000B63726564656E7469616C7371007E00054C00097072696E636970616C71007E00057871007E0003017371007E00077371007E000B0000000277040000000271007E000F71007E00117871007E0034737200176A6176612E7574696C2E4C696E6B6564486173684D617034C04E5C106CC0FB0200015A000B6163636573734F726465727871007E001C3F4000000000000C7708000000100000000571007E001E71007E001F71007E002271007E002374000D636C69656E745F736563726574740005796978696E71007E002071007E002171007E002471007E0025780070737200326F72672E737072696E676672616D65776F726B2E73656375726974792E636F72652E7573657264657461696C732E5573657200000000000001FE0200075A00116163636F756E744E6F6E457870697265645A00106163636F756E744E6F6E4C6F636B65645A001563726564656E7469616C734E6F6E457870697265645A0007656E61626C65644C000B617574686F72697469657371007E00164C000870617373776F726471007E000E4C0008757365726E616D6571007E000E7870010101017371007E0026737200116A6176612E7574696C2E54726565536574DD98509395ED875B0300007870737200466F72672E737072696E676672616D65776F726B2E73656375726974792E636F72652E7573657264657461696C732E5573657224417574686F72697479436F6D70617261746F7200000000000001FE020000787077040000000271007E000F71007E00117870740009646576656C6F706572, NULL);
INSERT INTO `oauth_access_token` VALUES ('e9cd3a2302af7659b7dc9e55d30ab648', 0xACED0005737200436F72672E737072696E676672616D65776F726B2E73656375726974792E6F61757468322E636F6D6D6F6E2E44656661756C744F4175746832416363657373546F6B656E0CB29E361B24FACE0200064C00156164646974696F6E616C496E666F726D6174696F6E74000F4C6A6176612F7574696C2F4D61703B4C000A65787069726174696F6E7400104C6A6176612F7574696C2F446174653B4C000C72656672657368546F6B656E74003F4C6F72672F737072696E676672616D65776F726B2F73656375726974792F6F61757468322F636F6D6D6F6E2F4F417574683252656672657368546F6B656E3B4C000573636F706574000F4C6A6176612F7574696C2F5365743B4C0009746F6B656E547970657400124C6A6176612F6C616E672F537472696E673B4C000576616C756571007E000578707372001E6A6176612E7574696C2E436F6C6C656374696F6E7324456D7074794D6170593614855ADCE73F000078707372000E6A6176612E7574696C2E44617465686A3F4B597419030000787077080000018038E68B417870737200256A6176612E7574696C2E436F6C6C656374696F6E7324556E6D6F6469666961626C65536574801D92D18F9B80550200007872002C6A6176612E7574696C2E436F6C6C656374696F6E7324556E6D6F6469666961626C65436F6C6C656374696F6E19420080CB5E3F0200014C0001637400164C6A6176612F7574696C2F436F6C6C656374696F6E3B7870737200176A6176612E7574696C2E4C696E6B656448617368536574D86CD75A95DD2A1E020000787200116A6176612E7574696C2E48617368536574BA44859596B83F0300007870770C000000023F40000000000001740003616E797874000662656172657274002433326530643436352D383931392D346263622D626637382D393239623566383934616164, 'bcd096dca20cb0cdbc1c4b20eb7d4f9d', 'engineer001', 'erp', 0xACED0005737200416F72672E737072696E676672616D65776F726B2E73656375726974792E6F61757468322E70726F76696465722E4F417574683241757468656E7469636174696F6EBD400B02166252130200024C000D73746F7265645265717565737474003C4C6F72672F737072696E676672616D65776F726B2F73656375726974792F6F61757468322F70726F76696465722F4F4175746832526571756573743B4C00127573657241757468656E7469636174696F6E7400324C6F72672F737072696E676672616D65776F726B2F73656375726974792F636F72652F41757468656E7469636174696F6E3B787200476F72672E737072696E676672616D65776F726B2E73656375726974792E61757468656E7469636174696F6E2E416273747261637441757468656E7469636174696F6E546F6B656ED3AA287E6E47640E0200035A000D61757468656E746963617465644C000B617574686F7269746965737400164C6A6176612F7574696C2F436F6C6C656374696F6E3B4C000764657461696C737400124C6A6176612F6C616E672F4F626A6563743B787000737200266A6176612E7574696C2E436F6C6C656374696F6E7324556E6D6F6469666961626C654C6973743F2531B5EC3F0200014C00046C6973747400104C6A6176612F7574696C2F4C6973743B7872002C6A6176612E7574696C2E436F6C6C656374696F6E7324556E6D6F6469666961626C65436F6C6C656374696F6E19420080CB5E3F0200014C00016371007E00047870737200136A6176612E7574696C2E41727261794C6973747881D21D99C7613F000149000473697A65787000000001770400000001737200426F72672E737072696E676672616D65776F726B2E73656375726974792E636F72652E617574686F726974792E53696D706C654772616E746564417574686F72697479000000000000013F00014C0004726F6C657400124C6A6176612F6C616E672F537472696E673B787074000D524F4C455F454E47494E4545527871007E000C707372003A6F72672E737072696E676672616D65776F726B2E73656375726974792E6F61757468322E70726F76696465722E4F41757468325265717565737400000000000000010200075A0008617070726F7665644C000B617574686F72697469657371007E00044C000A657874656E73696F6E7374000F4C6A6176612F7574696C2F4D61703B4C000B726564697265637455726971007E000E4C00077265667265736874003B4C6F72672F737072696E676672616D65776F726B2F73656375726974792F6F61757468322F70726F76696465722F546F6B656E526571756573743B4C000B7265736F7572636549647374000F4C6A6176612F7574696C2F5365743B4C000D726573706F6E7365547970657371007E0014787200386F72672E737072696E676672616D65776F726B2E73656375726974792E6F61757468322E70726F76696465722E426173655265717565737436287A3EA371693F00034C0008636C69656E74496471007E000E4C001172657175657374506172616D657465727371007E00124C000573636F706571007E00147870740003657270737200256A6176612E7574696C2E436F6C6C656374696F6E7324556E6D6F6469666961626C654D6170F1A5A8FE743F420200014C00016D71007E00127870737200116A6176612E7574696C2E486173684D61700507DAC13F603F000246000A6C6F6164466163746F724900097468726573686F6C6478703F400000000000067708000000080000000374000A6772616E745F7479706574000870617373776F7264740009636C69656E745F6964740003657270740008757365726E616D6574000B656E67696E65657230303178737200256A6176612E7574696C2E436F6C6C656374696F6E7324556E6D6F6469666961626C65536574801D92D18F9B80550200007871007E0009737200176A6176612E7574696C2E4C696E6B656448617368536574D86CD75A95DD2A1E020000787200116A6176612E7574696C2E48617368536574BA44859596B83F0300007870770C000000103F40000000000001740003616E7978017371007E0025770C000000103F400000000000017371007E000D740009524F4C455F55534552787371007E001A3F40000000000000770800000010000000007870707371007E0025770C000000103F40000000000000787371007E0025770C000000103F40000000000000787372004F6F72672E737072696E676672616D65776F726B2E73656375726974792E61757468656E7469636174696F6E2E557365726E616D6550617373776F726441757468656E7469636174696F6E546F6B656E000000000000013F00024C000B63726564656E7469616C7371007E00054C00097072696E636970616C71007E00057871007E0003017371007E00077371007E000B0000000177040000000171007E000F7871007E0031737200176A6176612E7574696C2E4C696E6B6564486173684D617034C04E5C106CC0FB0200015A000B6163636573734F726465727871007E001A3F400000000000067708000000080000000474000D636C69656E745F736563726574740005796978696E71007E001C71007E001D71007E001E71007E001F71007E002071007E0021780070737200326F72672E737072696E676672616D65776F726B2E73656375726974792E636F72652E7573657264657461696C732E55736572000000000000013F00075A00116163636F756E744E6F6E457870697265645A00106163636F756E744E6F6E4C6F636B65645A001563726564656E7469616C734E6F6E457870697265645A0007656E61626C65644C000B617574686F72697469657371007E00144C000870617373776F726471007E000E4C0008757365726E616D6571007E000E7870010101017371007E0022737200116A6176612E7574696C2E54726565536574DD98509395ED875B0300007870737200466F72672E737072696E676672616D65776F726B2E73656375726974792E636F72652E7573657264657461696C732E5573657224417574686F72697479436F6D70617261746F72000000000000013F0000787077040000000171007E000F787074000B656E67696E656572303031, NULL);

-- ----------------------------
-- Table structure for oauth_refresh_token
-- ----------------------------
DROP TABLE IF EXISTS `oauth_refresh_token`;
CREATE TABLE `oauth_refresh_token`  (
  `token_id` varchar(255) CHARACTER SET utf8 COLLATE utf8_general_ci NOT NULL,
  `token` blob NULL,
  `authentication` blob NULL,
  PRIMARY KEY (`token_id`) USING BTREE
) ENGINE = InnoDB CHARACTER SET = utf8 COLLATE = utf8_general_ci ROW_FORMAT = Compact;

-- ----------------------------
-- Table structure for role
-- ----------------------------
DROP TABLE IF EXISTS `role`;
CREATE TABLE `role`  (
  `id` bigint(20) NOT NULL AUTO_INCREMENT,
  `authority` varchar(255) CHARACTER SET utf8 COLLATE utf8_general_ci NULL DEFAULT NULL,
  `name` varchar(255) CHARACTER SET utf8 COLLATE utf8_general_ci NULL DEFAULT NULL,
  PRIMARY KEY (`id`) USING BTREE
) ENGINE = InnoDB AUTO_INCREMENT = 7 CHARACTER SET = utf8 COLLATE = utf8_general_ci COMMENT = '角色表' ROW_FORMAT = Compact;

-- ----------------------------
-- Records of role
-- ----------------------------
INSERT INTO `role` VALUES (1, 'ROLE_ADMIN', 'ROLE_ADMIN');
INSERT INTO `role` VALUES (2, 'ROLE_ENGINEER', 'ROLE_ENGINEER');
INSERT INTO `role` VALUES (3, 'ROLE_PMC', 'ROLE_PMC');
INSERT INTO `role` VALUES (5, 'ROLE_STORE', 'ROLE_STORE');
INSERT INTO `role` VALUES (6, 'ROLE_DEVELOPER', 'ROLE_DEVELOPER');

-- ----------------------------
-- Table structure for role_menu
-- ----------------------------
DROP TABLE IF EXISTS `role_menu`;
CREATE TABLE `role_menu`  (
  `id` bigint(20) NOT NULL AUTO_INCREMENT,
  `menu_id` bigint(20) NULL DEFAULT NULL COMMENT '菜单',
  `role_id` bigint(20) NULL DEFAULT NULL COMMENT '角色',
  PRIMARY KEY (`id`) USING BTREE,
  INDEX `FKfg4e2mb2318tph615gh44ll3`(`menu_id`) USING BTREE,
  INDEX `FKqyvxw2gg2qk0wld3bqfcb58vq`(`role_id`) USING BTREE,
  CONSTRAINT `FKfg4e2mb2318tph615gh44ll3` FOREIGN KEY (`menu_id`) REFERENCES `menu` (`id`) ON DELETE RESTRICT ON UPDATE RESTRICT,
  CONSTRAINT `FKqyvxw2gg2qk0wld3bqfcb58vq` FOREIGN KEY (`role_id`) REFERENCES `role` (`id`) ON DELETE RESTRICT ON UPDATE RESTRICT
) ENGINE = InnoDB AUTO_INCREMENT = 10 CHARACTER SET = utf8 COLLATE = utf8_general_ci COMMENT = '角色權限表' ROW_FORMAT = Compact;

-- ----------------------------
-- Records of role_menu
-- ----------------------------
INSERT INTO `role_menu` VALUES (1, 2, 2);
INSERT INTO `role_menu` VALUES (2, 3, 2);
INSERT INTO `role_menu` VALUES (3, 4, 2);
INSERT INTO `role_menu` VALUES (4, 9, 2);
INSERT INTO `role_menu` VALUES (5, 7, 2);
INSERT INTO `role_menu` VALUES (6, 17, 5);
INSERT INTO `role_menu` VALUES (7, 18, 5);
INSERT INTO `role_menu` VALUES (8, 19, 5);
INSERT INTO `role_menu` VALUES (9, 20, 5);

-- ----------------------------
-- Table structure for t_engineering_apply
-- ----------------------------
DROP TABLE IF EXISTS `t_engineering_apply`;
CREATE TABLE `t_engineering_apply`  (
  `id` bigint(20) NOT NULL AUTO_INCREMENT,
  `audit` int(11) NULL DEFAULT NULL COMMENT '0未審核，1提交pmc，2已生成採購單，3已可領料',
  `audit_date` timestamp(0) NOT NULL DEFAULT CURRENT_TIMESTAMP(0) ON UPDATE CURRENT_TIMESTAMP(0) COMMENT '審核日期',
  `auditor` varchar(255) CHARACTER SET utf8 COLLATE utf8_general_ci NULL DEFAULT NULL COMMENT '審核',
  `date` timestamp(0) NOT NULL COMMENT '日期',
  `delivery_date` timestamp(0) NOT NULL COMMENT '交期',
  `descript` text CHARACTER SET utf8 COLLATE utf8_general_ci NULL COMMENT '明細概要',
  `editor` varchar(255) CHARACTER SET utf8 COLLATE utf8_general_ci NULL DEFAULT NULL COMMENT '編輯',
  `nature` varchar(255) CHARACTER SET utf8 COLLATE utf8_general_ci NULL DEFAULT NULL COMMENT '類型',
  `outmaterial_code` varchar(255) CHARACTER SET utf8 COLLATE utf8_general_ci NULL DEFAULT NULL COMMENT '領料單號',
  `remark` varchar(255) CHARACTER SET utf8 COLLATE utf8_general_ci NULL DEFAULT NULL COMMENT '備註',
  `product_id` bigint(20) NULL DEFAULT NULL COMMENT '產品',
  PRIMARY KEY (`id`) USING BTREE,
  INDEX `FKq3q73g2eue90ixlpqe0qhg7x9`(`product_id`) USING BTREE,
  CONSTRAINT `FKq3q73g2eue90ixlpqe0qhg7x9` FOREIGN KEY (`product_id`) REFERENCES `t_engineering_product` (`id`) ON DELETE RESTRICT ON UPDATE RESTRICT
) ENGINE = InnoDB AUTO_INCREMENT = 1 CHARACTER SET = utf8 COLLATE = utf8_general_ci COMMENT = '打辯通知單' ROW_FORMAT = Dynamic;

-- ----------------------------
-- Table structure for t_engineering_apply_detail
-- ----------------------------
DROP TABLE IF EXISTS `t_engineering_apply_detail`;
CREATE TABLE `t_engineering_apply_detail`  (
  `id` bigint(20) NOT NULL AUTO_INCREMENT,
  `number` decimal(10, 0) NULL DEFAULT NULL COMMENT '數量',
  `unit` varchar(255) CHARACTER SET utf8 COLLATE utf8_general_ci NULL DEFAULT NULL COMMENT '單位',
  `apply_id` bigint(20) NULL DEFAULT NULL COMMENT '打辦單',
  `part_id` bigint(20) NULL DEFAULT NULL COMMENT '零件',
  PRIMARY KEY (`id`) USING BTREE,
  INDEX `FKejwcnnmevg2lr8acv7gkwnrf8`(`apply_id`) USING BTREE,
  INDEX `FKcj7ilntw00pxtgryhcorxnd22`(`part_id`) USING BTREE,
  CONSTRAINT `FKcj7ilntw00pxtgryhcorxnd22` FOREIGN KEY (`part_id`) REFERENCES `t_engineering_part` (`id`) ON DELETE RESTRICT ON UPDATE RESTRICT,
  CONSTRAINT `FKejwcnnmevg2lr8acv7gkwnrf8` FOREIGN KEY (`apply_id`) REFERENCES `t_engineering_apply` (`id`) ON DELETE RESTRICT ON UPDATE RESTRICT
) ENGINE = InnoDB AUTO_INCREMENT = 1 CHARACTER SET = utf8 COLLATE = utf8_general_ci COMMENT = '打辯單明細' ROW_FORMAT = Dynamic;

-- ----------------------------
-- Table structure for t_engineering_fixture
-- ----------------------------
DROP TABLE IF EXISTS `t_engineering_fixture`;
CREATE TABLE `t_engineering_fixture`  (
  `id` bigint(20) NOT NULL AUTO_INCREMENT,
  `creator` varchar(128) CHARACTER SET utf8 COLLATE utf8_general_ci NULL DEFAULT NULL COMMENT '製表人',
  `date` date NULL DEFAULT NULL COMMENT '製錶日期',
  `product_id` bigint(20) NULL DEFAULT NULL COMMENT '產品',
  PRIMARY KEY (`id`) USING BTREE,
  INDEX `FK42305elxu01ngebcppwd3hrd5`(`product_id`) USING BTREE,
  CONSTRAINT `FK42305elxu01ngebcppwd3hrd5` FOREIGN KEY (`product_id`) REFERENCES `t_engineering_product` (`id`) ON DELETE RESTRICT ON UPDATE RESTRICT
) ENGINE = InnoDB AUTO_INCREMENT = 21 CHARACTER SET = utf8 COLLATE = utf8_general_ci COMMENT = '零件表' ROW_FORMAT = Dynamic;

-- ----------------------------
-- Records of t_engineering_fixture
-- ----------------------------
INSERT INTO `t_engineering_fixture` VALUES (1, 'admin', '2019-05-28', 1);
INSERT INTO `t_engineering_fixture` VALUES (9, 'test001', '2019-05-29', 1);
INSERT INTO `t_engineering_fixture` VALUES (10, '111', '2019-05-29', 1);
INSERT INTO `t_engineering_fixture` VALUES (11, '222', '2019-05-29', 1);
INSERT INTO `t_engineering_fixture` VALUES (12, '333', '2019-05-29', 1);
INSERT INTO `t_engineering_fixture` VALUES (13, '444', '2019-05-29', 1);
INSERT INTO `t_engineering_fixture` VALUES (14, '555', '2019-05-29', 1);
INSERT INTO `t_engineering_fixture` VALUES (15, '666', '2019-05-29', 1);
INSERT INTO `t_engineering_fixture` VALUES (16, '777', '2019-05-29', 1);
INSERT INTO `t_engineering_fixture` VALUES (17, '888', '2019-05-29', 1);
INSERT INTO `t_engineering_fixture` VALUES (18, '999', '2019-05-29', 1);
INSERT INTO `t_engineering_fixture` VALUES (20, 'someone', '2019-05-29', 1);

-- ----------------------------
-- Table structure for t_engineering_fixture_detail
-- ----------------------------
DROP TABLE IF EXISTS `t_engineering_fixture_detail`;
CREATE TABLE `t_engineering_fixture_detail`  (
  `id` bigint(20) NOT NULL AUTO_INCREMENT,
  `code` varchar(255) CHARACTER SET utf8 COLLATE utf8_general_ci NULL DEFAULT NULL COMMENT '編號',
  `format` varchar(255) CHARACTER SET utf8 COLLATE utf8_general_ci NULL DEFAULT NULL COMMENT '用量規格及數量',
  `location` varchar(255) CHARACTER SET utf8 COLLATE utf8_general_ci NULL DEFAULT NULL COMMENT '位置',
  `name` varchar(255) CHARACTER SET utf8 COLLATE utf8_general_ci NULL DEFAULT NULL COMMENT '名稱',
  `number` decimal(10, 0) NULL DEFAULT NULL COMMENT '數量',
  `fixture_id` bigint(20) NULL DEFAULT NULL COMMENT '夾具清單',
  `order_index` varchar(255) CHARACTER SET utf8 COLLATE utf8_general_ci NULL DEFAULT NULL COMMENT '排序',
  PRIMARY KEY (`id`) USING BTREE,
  INDEX `FKb9a2qer1sbfe0s4s9x79uteh3`(`fixture_id`) USING BTREE,
  CONSTRAINT `FKb9a2qer1sbfe0s4s9x79uteh3` FOREIGN KEY (`fixture_id`) REFERENCES `t_engineering_fixture` (`id`) ON DELETE RESTRICT ON UPDATE RESTRICT
) ENGINE = InnoDB AUTO_INCREMENT = 9 CHARACTER SET = utf8 COLLATE = utf8_general_ci COMMENT = '零件表' ROW_FORMAT = Dynamic;

-- ----------------------------
-- Records of t_engineering_fixture_detail
-- ----------------------------
INSERT INTO `t_engineering_fixture_detail` VALUES (1, '123', 'kg/PC', 'down', 'hello', 11, 1, '1');
INSERT INTO `t_engineering_fixture_detail` VALUES (4, 'testcode001', 'none', 'bottom', 'testname001', 12, 9, '1');
INSERT INTO `t_engineering_fixture_detail` VALUES (5, '333', '12312313', '111', '222', 1, 9, '3');
INSERT INTO `t_engineering_fixture_detail` VALUES (8, 'test002', '23', '321', '123', 1, 9, '2');

-- ----------------------------
-- Table structure for t_engineering_follow
-- ----------------------------
DROP TABLE IF EXISTS `t_engineering_follow`;
CREATE TABLE `t_engineering_follow`  (
  `id` bigint(20) NOT NULL AUTO_INCREMENT,
  `content` varchar(255) CHARACTER SET utf8 COLLATE utf8_general_ci NULL DEFAULT NULL COMMENT '跟進事項',
  `date` date NULL DEFAULT NULL COMMENT '通知日期',
  `delivery_date` date NULL DEFAULT NULL COMMENT '預計完成日期',
  `first_confirm` varchar(255) CHARACTER SET utf8 COLLATE utf8_general_ci NULL DEFAULT NULL COMMENT '確認1',
  `iso_confirm` varchar(255) CHARACTER SET utf8 COLLATE utf8_general_ci NULL DEFAULT NULL COMMENT '確認iso',
  `model` varchar(255) CHARACTER SET utf8 COLLATE utf8_general_ci NULL DEFAULT NULL COMMENT '工模型號',
  `part` varchar(255) CHARACTER SET utf8 COLLATE utf8_general_ci NULL DEFAULT NULL COMMENT '零件',
  `product` varchar(255) CHARACTER SET utf8 COLLATE utf8_general_ci NULL DEFAULT NULL COMMENT '產品',
  `product_model` varchar(255) CHARACTER SET utf8 COLLATE utf8_general_ci NULL DEFAULT NULL COMMENT '產品型號',
  `proposal` varchar(255) CHARACTER SET utf8 COLLATE utf8_general_ci NULL DEFAULT NULL COMMENT '議案',
  `remark` varchar(255) CHARACTER SET utf8 COLLATE utf8_general_ci NULL DEFAULT NULL COMMENT '備註',
  `result` varchar(255) CHARACTER SET utf8 COLLATE utf8_general_ci NULL DEFAULT NULL COMMENT '結果',
  `second_confirm` varchar(255) CHARACTER SET utf8 COLLATE utf8_general_ci NULL DEFAULT NULL COMMENT '確認2',
  `editor_id` bigint(20) NULL DEFAULT NULL COMMENT '跟進人',
  PRIMARY KEY (`id`) USING BTREE,
  INDEX `FKpcv80mru0ny1vcao5i2vrfj0t`(`editor_id`) USING BTREE,
  CONSTRAINT `FKpcv80mru0ny1vcao5i2vrfj0t` FOREIGN KEY (`editor_id`) REFERENCES `users` (`id`) ON DELETE RESTRICT ON UPDATE RESTRICT
) ENGINE = InnoDB AUTO_INCREMENT = 1 CHARACTER SET = utf8 COLLATE = utf8_general_ci COMMENT = '工程跟進表' ROW_FORMAT = Dynamic;

-- ----------------------------
-- Table structure for t_engineering_part
-- ----------------------------
DROP TABLE IF EXISTS `t_engineering_part`;
CREATE TABLE `t_engineering_part`  (
  `id` bigint(20) NOT NULL AUTO_INCREMENT,
  `attachments` text CHARACTER SET utf8 COLLATE utf8_general_ci NULL COMMENT '圖片',
  `code` varchar(255) CHARACTER SET utf8 COLLATE utf8_general_ci NULL DEFAULT NULL COMMENT '編號',
  `color` varchar(255) CHARACTER SET utf8 COLLATE utf8_general_ci NULL DEFAULT NULL COMMENT '顏色',
  `custom` varchar(255) CHARACTER SET utf8 COLLATE utf8_general_ci NULL DEFAULT NULL COMMENT '海关名稱',
  `edm_attachment` text CHARACTER SET utf8 COLLATE utf8_general_ci NULL COMMENT 'EDM表',
  `format` varchar(255) CHARACTER SET utf8 COLLATE utf8_general_ci NULL DEFAULT NULL COMMENT '規格',
  `gross_weight` decimal(10, 2) NULL DEFAULT NULL COMMENT '毛重',
  `name` varchar(255) CHARACTER SET utf8 COLLATE utf8_general_ci NULL DEFAULT NULL COMMENT '名稱',
  `nature` varchar(255) CHARACTER SET utf8 COLLATE utf8_general_ci NULL DEFAULT NULL COMMENT '性質',
  `net_weight` decimal(10, 2) NULL DEFAULT NULL COMMENT '淨重',
  `oil_attachments` text CHARACTER SET utf8 COLLATE utf8_general_ci NULL COMMENT '噴油移印圖片',
  `position_attachment` text CHARACTER SET utf8 COLLATE utf8_general_ci NULL COMMENT '工位作业指导书',
  `price` decimal(10, 0) NULL DEFAULT NULL COMMENT '单价',
  `step_attachments` text CHARACTER SET utf8 COLLATE utf8_general_ci NULL COMMENT '裝配排拉圖片',
  `step_sorter` text CHARACTER SET utf8 COLLATE utf8_general_ci NULL COMMENT '裝配排拉的分類排序',
  `unit` varchar(255) CHARACTER SET utf8 COLLATE utf8_general_ci NULL DEFAULT NULL COMMENT '單位',
  `version` varchar(255) CHARACTER SET utf8 COLLATE utf8_general_ci NULL DEFAULT NULL COMMENT '版本',
  PRIMARY KEY (`id`) USING BTREE
) ENGINE = InnoDB AUTO_INCREMENT = 302 CHARACTER SET = utf8 COLLATE = utf8_general_ci COMMENT = '零件表' ROW_FORMAT = Dynamic;

-- ----------------------------
-- Records of t_engineering_part
-- ----------------------------
INSERT INTO `t_engineering_part` VALUES (1, 'engineering/bom/1/81-102and3-9.jpeg', 'KLE2-9001', '藍色', NULL, '/engineering/edm/1/KLE2-9001-8102第二代電動螺絲刀-藍色版光身成品.xlsx', NULL, NULL, '#8102第二代電動螺絲刀-藍色版光身成品', '光身成品', 169.00, NULL, '/engineering/position-direct/1/KLE2-9001-8102第二代電動螺絲刀-藍色版光身成品.xlsx', NULL, NULL, ',\'大身半品裝配\',\'大身半品裝配\'', 'PC', '8147');
INSERT INTO `t_engineering_part` VALUES (2, NULL, 'KLA3-902R', '黑色', NULL, NULL, NULL, NULL, '#8567電動螺絲刀 -電池箱光身成品', '光身成品', 65.00, NULL, NULL, NULL, NULL, ',\'電池箱半品裝配\'', 'PC', '8147');
INSERT INTO `t_engineering_part` VALUES (3, 'engineering/bom/3/5-179and61-23.jpeg', 'KL03-903R', '銀色', NULL, NULL, NULL, NULL, '#8402電動螺絲刀--8402平頭十字螺絲刀光身成品', '光身成品', 6.60, NULL, NULL, NULL, NULL, ',\'刀頭裝配\'', 'PC', '8147');
INSERT INTO `t_engineering_part` VALUES (4, 'engineering/bom/4/20-756and143-81.jpeg', 'KL03-904R', '銀色', NULL, NULL, NULL, NULL, '#8402電動螺絲刀--8402尖頭十字螺絲刀光身成品', '光身成品', 7.80, NULL, NULL, NULL, NULL, ',\'刀頭裝配\'', 'PC', '8147');
INSERT INTO `t_engineering_part` VALUES (5, 'engineering/bom/5/118-807and123-58.jpeg', 'KL03-905R', '銀色', NULL, NULL, NULL, NULL, '#8402電動螺絲刀--8402一字螺絲刀光身成品', '光身成品', 7.30, NULL, NULL, NULL, NULL, ',\'刀頭裝配\'', 'PC', '8147');
INSERT INTO `t_engineering_part` VALUES (6, 'engineering/bom/6/49-97and41-81.jpeg', 'KL03-906R', '銀色', NULL, NULL, NULL, NULL, '#8402電動螺絲刀--8402圓形鑽頭光身成品', '光身成品', 7.10, NULL, NULL, NULL, NULL, ',\'刀頭裝配\'', 'PC', '8147');
INSERT INTO `t_engineering_part` VALUES (7, NULL, 'KLE4-9001', '藍色', NULL, NULL, NULL, NULL, '#8104 第二代電鋸-藍色版光身成品', '光身成品', 455.00, 'engineering/part/printoil/7/14-32and10-25.jpeg', NULL, NULL, NULL, ',\'鋸片/牙箱/電池箱裝配工序\',\'大身右及鋸片裝配\',\'光身成品裝配\'', 'PC', '8147');
INSERT INTO `t_engineering_part` VALUES (8, 'engineering/bom/8/18-22and6-8.jpeg,engineering/bom/8/18-22and3-4.jpeg', 'KL01-9001', '銀色+藍色', NULL, NULL, NULL, NULL, '耳罩藍色版本光身成品', '光身成品', NULL, NULL, NULL, NULL, NULL, ',\'裝配\'', 'PC', '8147');
INSERT INTO `t_engineering_part` VALUES (9, NULL, 'KLE3-9001', '藍色', NULL, NULL, NULL, NULL, '#8103第二代小型電動螺絲刀-藍色版光身成品', '光身成品', 75.00, NULL, NULL, NULL, NULL, ',\'開關焊接電源線\',\'大身光身成品裝配\'', 'PC', '8147');
INSERT INTO `t_engineering_part` VALUES (10, NULL, 'KL06-902R', '銀色', NULL, NULL, NULL, NULL, '8251柱形批頭半成品', '光身成品', 1.60, NULL, NULL, NULL, NULL, ',\'螺絲批頭裝配\'', 'PC', '8147');
INSERT INTO `t_engineering_part` VALUES (11, 'engineering/bom/11/104-96and0-192.jpeg', 'KL06-903R', '銀色', NULL, NULL, NULL, NULL, '8251錐形批頭半成品', '光身成品', 2.10, NULL, NULL, NULL, NULL, ',\'螺絲批頭裝配\'', 'PC', '8147');
INSERT INTO `t_engineering_part` VALUES (12, NULL, 'KL02-9003', '黃色', NULL, NULL, NULL, NULL, '眼罩藍色版光身', '光身成品', NULL, NULL, NULL, NULL, NULL, ',\'裝配\'', 'PC', '8147');
INSERT INTO `t_engineering_part` VALUES (13, NULL, 'KLE5-9001', '藍色', NULL, NULL, NULL, NULL, '#8105   第二代鋼絲鋸-藍色版光身成品', '光身成品', NULL, NULL, NULL, NULL, NULL, ',\'牙箱裝配\',\'光身裝配\'', 'PC', '8147');
INSERT INTO `t_engineering_part` VALUES (14, NULL, 'KLG2001A', '4C', NULL, NULL, 'L493mmXW163mmXH377mm', NULL, '藍色開窗盒(8147）', '印刷', NULL, NULL, NULL, 9, NULL, NULL, 'PC', '8147');
INSERT INTO `t_engineering_part` VALUES (15, NULL, 'KLG2002A', '4C', NULL, NULL, 'L770mmXW655mm', NULL, '內咭（8147）', '印刷', NULL, NULL, NULL, 9, NULL, NULL, 'PC', '8147');
INSERT INTO `t_engineering_part` VALUES (16, NULL, 'KLG2003A', '2C+2C', NULL, NULL, 'A4', NULL, '8147產品說明書', '印刷', NULL, NULL, NULL, 9, NULL, NULL, 'PC', '8147');
INSERT INTO `t_engineering_part` VALUES (17, NULL, 'KLA4I004R', '1C', NULL, NULL, 'L210*W75MM', NULL, '8282Fcc說明書', '印刷', NULL, NULL, NULL, 9, NULL, NULL, 'PC', '8147');
INSERT INTO `t_engineering_part` VALUES (18, NULL, 'KLA3I002R', '1C', NULL, NULL, 'L33.5XW5mm', NULL, '#8567電動螺絲刀變速貼紙', '印刷', 0.02, NULL, NULL, 9, NULL, NULL, '張', '8147');
INSERT INTO `t_engineering_part` VALUES (19, NULL, 'KLA3I003R', '4C', NULL, NULL, 'L27.5XW12.5mm', NULL, '#8567電動螺絲刀油量貼紙', '印刷', 0.02, NULL, NULL, 9, NULL, NULL, '張', '8147');
INSERT INTO `t_engineering_part` VALUES (20, NULL, 'KLA3I004R', '1C', NULL, NULL, 'L22.5XW8.5mm', NULL, '#8567電動螺絲刀燈罩貼紙', '印刷', 0.02, NULL, NULL, 9, NULL, NULL, '張', '8147');
INSERT INTO `t_engineering_part` VALUES (21, NULL, 'KLA3I005R', '4C', NULL, NULL, 'L11.5XW5mm', NULL, '#8567電動螺絲刀大三角形貼紙', '印刷', 0.01, NULL, NULL, 9, NULL, NULL, '張', '8147');
INSERT INTO `t_engineering_part` VALUES (22, NULL, 'KLA3I006R', '4C', NULL, NULL, 'L7XW3.5mm', NULL, '#8567電動螺絲刀小三角形貼紙', '印刷', 0.01, NULL, NULL, 9, NULL, NULL, '張', '8147');
INSERT INTO `t_engineering_part` VALUES (23, NULL, 'KL10I002A', '4C', NULL, NULL, '27mmX17mm', NULL, 'Klein貼紙(ASTM版)', '印刷', 0.05, NULL, NULL, 9, NULL, NULL, '張', '8147');
INSERT INTO `t_engineering_part` VALUES (24, NULL, 'KL10I003A', '1C', NULL, NULL, 'L37mm x W13mm', NULL, 'FCC貼紙', '印刷', 0.20, NULL, NULL, 9, NULL, NULL, '張', '8147');
INSERT INTO `t_engineering_part` VALUES (25, NULL, 'KLA2I004R', '4C', NULL, NULL, 'L19mmXW19mm', NULL, 'Klein貼紙(8300專用版）', '印刷', 0.01, NULL, NULL, 9, NULL, NULL, 'PC', '8147');
INSERT INTO `t_engineering_part` VALUES (26, NULL, 'KLA2I005R', '4C', NULL, NULL, 'L10mmX8mm', NULL, '8300油箱貼紙', '印刷', 0.01, NULL, NULL, 9, NULL, NULL, 'PC', '8147');
INSERT INTO `t_engineering_part` VALUES (27, NULL, 'KL38I001B', NULL, NULL, NULL, NULL, NULL, '手套', '客供', 26.20, NULL, NULL, 9, NULL, NULL, '雙', '8147');
INSERT INTO `t_engineering_part` VALUES (28, NULL, 'KLA2H002R', '透明', NULL, NULL, '詳見包裝規格', NULL, '#8300  小吸塑', '包材', 0.30, NULL, NULL, 9, NULL, NULL, 'PC', '8147');
INSERT INTO `t_engineering_part` VALUES (29, NULL, 'KLG1H001R', '透明', NULL, NULL, '170*70*20mm', NULL, '#8147批頭吸塑', '包材', 1.00, NULL, NULL, 9, NULL, NULL, 'PC', '8147');
INSERT INTO `t_engineering_part` VALUES (30, NULL, 'KLA4H001A', '啡色', NULL, NULL, 'L332.6XW114.5CM', NULL, '大U形圍板', '包材', NULL, NULL, NULL, 9, NULL, NULL, 'PCS', '8147');
INSERT INTO `t_engineering_part` VALUES (31, NULL, 'KLA4H002A', '啡色', NULL, NULL, 'L101XW114.5CM', NULL, '大圍板', '包材', NULL, NULL, NULL, 9, NULL, NULL, 'PCS', '8147');
INSERT INTO `t_engineering_part` VALUES (32, NULL, 'KLA4H003A', '啡色', NULL, NULL, 'L114.5XW9.8CM', NULL, '大護角', '包材', NULL, NULL, NULL, 9, NULL, NULL, 'PCS', '8147');
INSERT INTO `t_engineering_part` VALUES (33, NULL, 'KLA4H004A', '啡色', NULL, NULL, 'L139.6XW121.5CM', NULL, '天地蓋', '包材', NULL, NULL, NULL, 9, NULL, NULL, 'PCS', '8147');
INSERT INTO `t_engineering_part` VALUES (34, NULL, 'KLA4H005A', '啡色', NULL, NULL, 'L116.84*W96.5CM', NULL, '平卡', '包材', NULL, NULL, NULL, 9, NULL, NULL, 'PCS', '8147');
INSERT INTO `t_engineering_part` VALUES (35, NULL, '04G0256ER', '原色', NULL, NULL, 'L60MM*W25MM*4MM', NULL, '打包膠扣', '包材', NULL, NULL, NULL, 9, NULL, NULL, 'PCS', '8147');
INSERT INTO `t_engineering_part` VALUES (36, NULL, 'KL49K004A', '黑色', NULL, NULL, 'W3.5*L200mm', NULL, '尼龍扎帶', '其它', 0.70, NULL, NULL, 9, NULL, NULL, 'PCS', '8147');
INSERT INTO `t_engineering_part` VALUES (37, NULL, 'KL49K001A', '黑色', NULL, NULL, 'W3.5*L300mm', NULL, '尼龍扎帶', '其它', 1.00, NULL, NULL, 9, NULL, NULL, 'PCS', '8147');
INSERT INTO `t_engineering_part` VALUES (38, NULL, '06E05001B', '白色', NULL, NULL, 'W0.5\"', NULL, '包裝帶', '其它', NULL, NULL, NULL, 9, NULL, NULL, 'M/PCS', '8147');
INSERT INTO `t_engineering_part` VALUES (39, NULL, 'KLG2K001A', '黑色', NULL, NULL, '75mmx0.5mm厚', NULL, 'TPU彈性工字膠釘', '輔料', NULL, NULL, NULL, 9, NULL, NULL, 'PCS', '8147');
INSERT INTO `t_engineering_part` VALUES (40, NULL, '06H0744AA', '黑色', NULL, NULL, '4孔', NULL, '74mm扎線牌', '輔料', NULL, NULL, NULL, 9, NULL, NULL, 'PCS', '8147');
INSERT INTO `t_engineering_part` VALUES (41, NULL, '06H5604AA', '黑色', NULL, NULL, '4孔', NULL, '56mm扎線牌', '輔料', NULL, NULL, NULL, 9, NULL, NULL, 'PCS', '8147');
INSERT INTO `t_engineering_part` VALUES (42, NULL, '06CA200KA', '透明', NULL, NULL, '2\"', NULL, '2\"透明膠紙', '輔料', NULL, NULL, NULL, 9, NULL, NULL, '寸', '8147');
INSERT INTO `t_engineering_part` VALUES (43, NULL, '06CA300KA', '透明', NULL, NULL, NULL, NULL, '3\"膠紙', '輔料', NULL, NULL, NULL, 9, NULL, NULL, '寸', '8147');
INSERT INTO `t_engineering_part` VALUES (44, NULL, 'KLE2A001R', '藍色', NULL, NULL, NULL, NULL, '大身左', '啤件', 40.90, NULL, NULL, 9, NULL, NULL, 'PC', NULL);
INSERT INTO `t_engineering_part` VALUES (45, NULL, '01ABS757A', NULL, 'ABS PA-757(奇美)', NULL, NULL, NULL, 'ABS PA-757(奇美)', '膠料', NULL, NULL, NULL, 9, NULL, NULL, 'g', NULL);
INSERT INTO `t_engineering_part` VALUES (46, NULL, 'KL73E001A', NULL, '19837(遠洋)', NULL, NULL, NULL, '19837(遠洋)', '色粉', NULL, NULL, NULL, 9, NULL, NULL, '份', NULL);
INSERT INTO `t_engineering_part` VALUES (47, NULL, 'KLE2A002R', '藍色', NULL, NULL, NULL, NULL, '大身右', '啤件', 37.70, NULL, NULL, 9, NULL, NULL, 'PC', NULL);
INSERT INTO `t_engineering_part` VALUES (48, NULL, 'KLE2A003R', '黑色', NULL, NULL, NULL, NULL, '大身左(包膠)', '啤件', 5.30, NULL, NULL, 9, NULL, NULL, 'PC', NULL);
INSERT INTO `t_engineering_part` VALUES (49, NULL, '01TPR400A', NULL, 'TPR 4002-60A（毫豐）', NULL, NULL, NULL, 'TPR 4002-60A（CONCORD）', '膠料', NULL, NULL, NULL, 9, NULL, NULL, 'g', NULL);
INSERT INTO `t_engineering_part` VALUES (50, NULL, '02AAAAA1A', NULL, '黑種', NULL, NULL, NULL, '黑種', '色粉', NULL, NULL, NULL, 9, NULL, NULL, '份', NULL);
INSERT INTO `t_engineering_part` VALUES (51, NULL, 'KLE2A004R', '黑色', NULL, NULL, NULL, NULL, '大身右(包膠)', '啤件', 5.20, NULL, NULL, 9, NULL, NULL, 'PC', NULL);
INSERT INTO `t_engineering_part` VALUES (52, NULL, 'KLA3A005R', '黑色', NULL, NULL, NULL, NULL, '#8567電動螺絲刀轉動頭', '啤件', 13.20, NULL, NULL, 9, NULL, NULL, 'PC', NULL);
INSERT INTO `t_engineering_part` VALUES (53, NULL, 'KLA3A006R', '黑色', NULL, NULL, NULL, NULL, '#8567電動螺絲刀轉動頭連接件', '啤件', 8.00, NULL, NULL, 9, NULL, NULL, 'PC', NULL);
INSERT INTO `t_engineering_part` VALUES (54, NULL, 'KLA3A007R', '黑色', NULL, NULL, NULL, NULL, '#8567電動螺絲刀大身拆件左', '啤件', 5.00, NULL, NULL, 9, NULL, NULL, 'PC', NULL);
INSERT INTO `t_engineering_part` VALUES (55, NULL, 'KLA3A008R', '黑色', NULL, NULL, NULL, NULL, '#8567電動螺絲刀大身拆件右', '啤件', 4.90, NULL, NULL, 9, NULL, NULL, 'PC', NULL);
INSERT INTO `t_engineering_part` VALUES (56, NULL, 'KLA3A009R', '黑色', NULL, NULL, NULL, NULL, '#8567電動螺絲刀接觸針盒', '啤件', 0.60, NULL, NULL, 9, NULL, NULL, 'PC', NULL);
INSERT INTO `t_engineering_part` VALUES (57, NULL, 'KLA3A010R', '黑色', NULL, NULL, NULL, NULL, '#8567電動螺絲刀接觸針盒蓋', '啤件', 0.20, NULL, NULL, 9, NULL, NULL, 'PC', NULL);
INSERT INTO `t_engineering_part` VALUES (58, NULL, 'KLA3A011R', '紅色', NULL, NULL, NULL, NULL, '#8567電動螺絲刀轉速鈕', '啤件', 1.30, NULL, NULL, 9, NULL, NULL, 'PC', NULL);
INSERT INTO `t_engineering_part` VALUES (59, NULL, 'KL03E002R', NULL, 'S11732(彩隆)', NULL, NULL, NULL, 'S11732(彩隆)', '色粉', NULL, NULL, NULL, 9, NULL, NULL, '份', NULL);
INSERT INTO `t_engineering_part` VALUES (60, NULL, 'KLA3A012R', '紅色', NULL, NULL, NULL, NULL, '#8567電動螺絲刀開關制', '啤件', 1.95, NULL, NULL, 9, NULL, NULL, 'PC', NULL);
INSERT INTO `t_engineering_part` VALUES (61, NULL, 'KLA3A013R', '紅色', NULL, NULL, NULL, NULL, '#8567電動螺絲刀換向制', '啤件', 1.70, NULL, NULL, 9, NULL, NULL, 'PC', NULL);
INSERT INTO `t_engineering_part` VALUES (62, NULL, 'KLA3A019R', '透明', NULL, NULL, NULL, NULL, '#8567電動螺絲刀燈罩', '啤件', NULL, NULL, NULL, 9, NULL, NULL, 'PC', NULL);
INSERT INTO `t_engineering_part` VALUES (63, NULL, '01ABS557A', NULL, 'ABS557(LG)', NULL, NULL, NULL, '透明ABS 557(LG)', '膠料', NULL, NULL, NULL, 9, NULL, NULL, 'g', NULL);
INSERT INTO `t_engineering_part` VALUES (64, NULL, 'KLA3A020R', '原色', NULL, NULL, NULL, NULL, '#8567電動螺絲刀連接件牙仔', '啤件', NULL, NULL, NULL, 9, NULL, NULL, 'PC', NULL);
INSERT INTO `t_engineering_part` VALUES (65, NULL, '01POM09AA', NULL, 'POM 090(台灣纖維)', NULL, NULL, NULL, 'POM 090(台灣纖維)', '膠料', NULL, NULL, NULL, 9, NULL, NULL, 'g', NULL);
INSERT INTO `t_engineering_part` VALUES (66, NULL, 'KLA3A021R', '原色', NULL, NULL, NULL, NULL, '#8567電動螺絲刀雙層牙', '啤件', NULL, NULL, NULL, 9, NULL, NULL, 'PC', NULL);
INSERT INTO `t_engineering_part` VALUES (67, NULL, 'KLA3A022R', '原色', NULL, NULL, NULL, NULL, '#8567電動螺絲馬達牙', '啤件', NULL, NULL, NULL, 9, NULL, NULL, 'PC', NULL);
INSERT INTO `t_engineering_part` VALUES (68, NULL, 'KLA3A023R', '原色', NULL, NULL, NULL, NULL, '#8567電動螺絲刀C形圈', '啤件', NULL, NULL, NULL, 9, NULL, NULL, 'PC', NULL);
INSERT INTO `t_engineering_part` VALUES (69, NULL, 'KLA3A024R', '原色', NULL, NULL, NULL, NULL, '#8567電動螺絲刀響片', '啤件', NULL, NULL, NULL, 9, NULL, NULL, 'PC', NULL);
INSERT INTO `t_engineering_part` VALUES (70, NULL, 'KLA3A025R', '原色', NULL, NULL, NULL, NULL, '#8567電動螺絲刀極離子', '啤件', NULL, NULL, NULL, 9, NULL, NULL, 'PC', NULL);
INSERT INTO `t_engineering_part` VALUES (71, NULL, 'KLA3A026R', '原色', NULL, NULL, NULL, NULL, '#8567電動螺絲刀離合牙', '啤件', NULL, NULL, NULL, 9, NULL, NULL, 'PC', NULL);
INSERT INTO `t_engineering_part` VALUES (72, NULL, 'KLE2D001R', '綠+黑+紅', NULL, NULL, NULL, NULL, '大身裝配半品', '裝配半品', NULL, NULL, NULL, 9, NULL, NULL, 'SET', NULL);
INSERT INTO `t_engineering_part` VALUES (73, NULL, 'KLE2B001R', '綠', NULL, NULL, NULL, NULL, '大身半品噴油件', '噴油件', NULL, NULL, NULL, 9, NULL, NULL, 'PC', NULL);
INSERT INTO `t_engineering_part` VALUES (74, NULL, 'KLA3D001R', NULL, NULL, NULL, NULL, NULL, '大身裝配半品', NULL, NULL, NULL, NULL, NULL, NULL, NULL, 'g', NULL);
INSERT INTO `t_engineering_part` VALUES (75, NULL, '03B12621R', '銀', 'PHA-2611', NULL, NULL, NULL, 'PHA-2611', '噴油', NULL, NULL, NULL, 9, NULL, NULL, 'L', NULL);
INSERT INTO `t_engineering_part` VALUES (76, NULL, '03B2T501A', '透明', 'T-501', NULL, NULL, NULL, 'T-501', '噴油', NULL, NULL, NULL, 9, NULL, NULL, 'L', NULL);
INSERT INTO `t_engineering_part` VALUES (77, NULL, 'KLE2L001R', '綠', NULL, NULL, NULL, NULL, '電動螺絲刀-大身藍色版光身成品', '移印件', NULL, NULL, NULL, 9, NULL, NULL, 'PC', NULL);
INSERT INTO `t_engineering_part` VALUES (78, NULL, 'KLA3B001R', NULL, NULL, NULL, NULL, NULL, '大身半品噴油件', NULL, NULL, NULL, NULL, NULL, NULL, NULL, 'g', NULL);
INSERT INTO `t_engineering_part` VALUES (79, NULL, 'KL66F001A', '紅色', 'NG-9967(永輝)', NULL, NULL, NULL, 'NG-9967(永輝)', '開油水', NULL, NULL, NULL, 9, NULL, NULL, 'L', NULL);
INSERT INTO `t_engineering_part` VALUES (80, NULL, 'KL66F002A', '銀色', 'NG-9968(永輝)', NULL, NULL, NULL, 'NG-9968(永輝)', '開油水', NULL, NULL, NULL, 9, NULL, NULL, 'L', NULL);
INSERT INTO `t_engineering_part` VALUES (81, NULL, 'P101F015A', '透明', 'T-208', NULL, NULL, NULL, 'T-208', '開油水', NULL, NULL, NULL, 9, NULL, NULL, 'L', NULL);
INSERT INTO `t_engineering_part` VALUES (82, NULL, '04A30123A', '電叻', NULL, NULL, '3.0X12PB', NULL, '螺絲', '五金', 0.40, NULL, NULL, 9, NULL, NULL, 'PC', NULL);
INSERT INTO `t_engineering_part` VALUES (83, NULL, '04A26081R', '電叻', NULL, NULL, '2.6X8 PB', NULL, '螺絲', '五金', 6.60, NULL, NULL, 9, NULL, NULL, 'PC', NULL);
INSERT INTO `t_engineering_part` VALUES (84, NULL, '04B26068R', '電叻', NULL, NULL, '2.6X6 PWB，D8', NULL, '介子頭螺絲', '五金', 1.80, NULL, NULL, 9, NULL, NULL, 'PC', NULL);
INSERT INTO `t_engineering_part` VALUES (85, NULL, 'KLA3G001R', '電叻', NULL, NULL, 'L29.5mmXOD6mmX0.6mm線X6T', NULL, '#8567電動螺絲刀開關扭簧', '五金', 0.30, NULL, NULL, 9, NULL, NULL, 'PC', NULL);
INSERT INTO `t_engineering_part` VALUES (86, NULL, 'KLA3G003R', '電叻', NULL, NULL, 'L19mmXOD7.5mmX0.5線X10T', NULL, '#8567電動螺絲刀開關制壓簧', '五金', 0.30, NULL, NULL, 9, NULL, NULL, 'PC', NULL);
INSERT INTO `t_engineering_part` VALUES (87, NULL, 'KLA3G004R', '電叻', NULL, NULL, 'L7mmXOD2.4mmX0.2線X5.5T', NULL, '#8567電動螺絲刀導電針壓簧', '五金', 0.01, NULL, NULL, 9, NULL, NULL, 'PCS', NULL);
INSERT INTO `t_engineering_part` VALUES (88, NULL, 'KLA3G009R', '原色', NULL, NULL, 'L10mmXOD2.2mmXOD4mmX0.2厚', NULL, '雞眼', '五金', 0.20, NULL, NULL, 9, NULL, NULL, 'PC', NULL);
INSERT INTO `t_engineering_part` VALUES (89, NULL, 'KLA3G010R', '電叻', NULL, NULL, '02.5mmXL30.5mmX2.7直花', NULL, '#8567電動螺絲刀單搓花軸', '五金', 1.20, NULL, NULL, 9, NULL, NULL, 'PC', NULL);
INSERT INTO `t_engineering_part` VALUES (90, NULL, 'KLA3G011R', '電叻', NULL, NULL, '02.5mmXL12.5mm', NULL, '#8567電動螺絲刀光軸', '五金', 1.20, NULL, NULL, 9, NULL, NULL, 'PC', NULL);
INSERT INTO `t_engineering_part` VALUES (91, NULL, 'KLA3G013R', '電叻', NULL, NULL, '01.4X02X03XL17MM', NULL, '#8567電動螺絲刀導電針', '五金', 0.60, NULL, NULL, 9, NULL, NULL, 'PCS', NULL);
INSERT INTO `t_engineering_part` VALUES (92, NULL, 'KLA3J001R', NULL, NULL, NULL, '變速板L15.5XW14X1.2mm厚,轉向板L18XW15X1.2mm,+6條外徑1mm電線+1條外徑0.8mm線+1個3mm白發白半圓頭LED,PE外皮線', NULL, '#8567 PCBA連燈線', '電子', 4.50, NULL, NULL, 9, NULL, NULL, 'SET', NULL);
INSERT INTO `t_engineering_part` VALUES (93, NULL, '05C0808DR', '紅色', NULL, NULL, 'L80mmX外徑0.8mm5芯銅線,兩端3mm開口上錫', NULL, '電線', '電子', 0.06, NULL, NULL, 9, NULL, NULL, '條', NULL);
INSERT INTO `t_engineering_part` VALUES (94, NULL, '05B01001R', '原色', NULL, NULL, '直徑1mm', NULL, '錫線', '電子', 0.50, NULL, NULL, 9, NULL, NULL, 'mm', NULL);
INSERT INTO `t_engineering_part` VALUES (95, NULL, 'KLA3J002R', NULL, NULL, NULL, 'LFA130RMP-U15170RN-35MDV,紫色殼', NULL, 'DV馬達', '電子', 17.20, NULL, NULL, 9, NULL, NULL, 'PC', NULL);
INSERT INTO `t_engineering_part` VALUES (96, NULL, '03CAAA03A', '透明', NULL, NULL, NULL, NULL, '洗面水', '輔料', NULL, NULL, NULL, 9, NULL, NULL, 'g', NULL);
INSERT INTO `t_engineering_part` VALUES (97, NULL, '03A1MEK0A', '透明', NULL, NULL, NULL, NULL, 'MEK', '輔料', NULL, NULL, NULL, 9, NULL, NULL, 'g', NULL);
INSERT INTO `t_engineering_part` VALUES (98, NULL, 'TO05K005R', '原色', NULL, NULL, '優力士PG-1102F', NULL, '齒輪油', '外購', 0.50, NULL, NULL, 9, NULL, NULL, 'g', NULL);
INSERT INTO `t_engineering_part` VALUES (99, NULL, 'KLA3A014R', '紅色', NULL, NULL, NULL, NULL, '#8567電動螺絲刀電池箱按制', '啤件', 1.85, NULL, NULL, 9, NULL, NULL, 'PC', NULL);
INSERT INTO `t_engineering_part` VALUES (100, NULL, 'KLA3A015R', '紅色', NULL, NULL, NULL, NULL, '#8567電動螺絲刀電池箱鎖扣', '啤件', 0.80, NULL, NULL, 9, NULL, NULL, 'PC', NULL);
INSERT INTO `t_engineering_part` VALUES (101, NULL, 'KLA3A016R', '黑色', NULL, NULL, NULL, NULL, '#8567電動螺絲刀電池箱', '啤件', 28.70, NULL, NULL, 9, NULL, NULL, 'PC', NULL);
INSERT INTO `t_engineering_part` VALUES (102, NULL, 'KLA3A017R', '黑色', NULL, NULL, NULL, NULL, '#8567電動螺絲刀電池箱面', '啤件', 11.60, NULL, NULL, 9, NULL, NULL, 'PC', NULL);
INSERT INTO `t_engineering_part` VALUES (103, NULL, 'KLA3A018R', '黑色', NULL, NULL, NULL, NULL, '#8567電動螺絲刀電池箱蓋', '啤件', 13.10, NULL, NULL, 9, NULL, NULL, 'PC', NULL);
INSERT INTO `t_engineering_part` VALUES (104, NULL, 'KLA3D002R', '黑', NULL, NULL, NULL, NULL, '#8567電池箱裝配半品', '裝配半品', NULL, NULL, NULL, 9, NULL, NULL, 'g', NULL);
INSERT INTO `t_engineering_part` VALUES (105, NULL, 'KLA3902R', '綠', NULL, NULL, NULL, NULL, '#8567 電動螺絲刀-電池箱光身成品', '移印件', NULL, NULL, NULL, 9, NULL, NULL, 'PC', NULL);
INSERT INTO `t_engineering_part` VALUES (106, NULL, '04A26082R', '電叻', NULL, NULL, '2.6X8PM(3mm長牙)', NULL, '3/8機牙螺絲', '五金', 0.40, NULL, NULL, 9, NULL, NULL, 'PCS', NULL);
INSERT INTO `t_engineering_part` VALUES (107, NULL, '04CM2601R', '電叻', NULL, NULL, 'M2.6', NULL, 'M2.6螺母', '五金', 0.40, NULL, NULL, 9, NULL, NULL, 'PCS', NULL);
INSERT INTO `t_engineering_part` VALUES (108, NULL, '04A26061R', '電叻', NULL, NULL, '2.6X6 PB', NULL, '螺絲', '五金', 0.70, NULL, NULL, 9, NULL, NULL, 'PC', NULL);
INSERT INTO `t_engineering_part` VALUES (109, NULL, 'KLA3G002R', '電叻', NULL, NULL, 'L11mmXOD5mmX0.4mm線X7T', NULL, '#8567電動螺絲刀電池箱制壓簧', '五金', 0.20, NULL, NULL, 9, NULL, NULL, 'PC', NULL);
INSERT INTO `t_engineering_part` VALUES (110, NULL, 'KLA3G005R', '電叻', NULL, NULL, 'L18mmXW12mmXH2mm', NULL, '#8567電動螺絲刀正極片', '五金', 0.60, NULL, NULL, 9, NULL, NULL, 'PC', NULL);
INSERT INTO `t_engineering_part` VALUES (111, NULL, 'KLA3G006R', '電叻', NULL, NULL, 'L18mmXW12mmXH11mm', NULL, '#8567電動螺絲刀負極片', '五金', 0.80, NULL, NULL, 9, NULL, NULL, 'PC', NULL);
INSERT INTO `t_engineering_part` VALUES (112, NULL, 'KLA3G007R', '電叻', NULL, NULL, 'L27mmXW18mmXH11mm', NULL, '#8567電動螺絲刀正負極連片', '五金', 1.50, NULL, NULL, 9, NULL, NULL, 'PC', NULL);
INSERT INTO `t_engineering_part` VALUES (113, NULL, 'KLA3G008R', '電叻', NULL, NULL, 'L27mmXW18mmXH11mm', NULL, '#8567電動螺絲刀負正極連片', '五金', 1.50, NULL, NULL, 9, NULL, NULL, 'PC', NULL);
INSERT INTO `t_engineering_part` VALUES (114, NULL, 'KLA3G012R', '電叻', NULL, NULL, 'L17.5XW4XH11.7X0.5mm厚', NULL, '#8567電動螺絲刀電池箱接觸片', '五金', 1.20, NULL, NULL, 9, NULL, NULL, 'PCS', NULL);
INSERT INTO `t_engineering_part` VALUES (115, NULL, '05C0408DR', '黑色', NULL, NULL, 'L40mmX外徑0.8mm5芯銅線,兩端3mm開口上錫', NULL, '電線', '電子', 0.03, NULL, NULL, 9, NULL, NULL, '條', NULL);
INSERT INTO `t_engineering_part` VALUES (116, NULL, 'KLA3J003R', NULL, NULL, NULL, 'X72 XF050，總長28mm', NULL, '0.5A PTC', '電子', 0.15, NULL, NULL, 9, NULL, NULL, 'PC', NULL);
INSERT INTO `t_engineering_part` VALUES (117, NULL, 'KLA3K001R', '透明', NULL, NULL, 'OD6mmxID2.3mmX0.3mm厚', NULL, 'PET介子', '外購', 0.01, NULL, NULL, 9, NULL, NULL, 'PCS', NULL);
INSERT INTO `t_engineering_part` VALUES (118, NULL, 'KL03A002R', '銀色', NULL, NULL, NULL, NULL, '8402尖頭十字螺絲刀', '啤件', 4.10, NULL, NULL, 9, NULL, NULL, 'PC', NULL);
INSERT INTO `t_engineering_part` VALUES (119, NULL, 'KL03E003R', NULL, 'S9217(彩隆)', NULL, NULL, NULL, 'S9217(彩隆)', '色粉', NULL, NULL, NULL, 9, NULL, NULL, '份', NULL);
INSERT INTO `t_engineering_part` VALUES (120, NULL, 'KL03A005R', '銀色', NULL, NULL, NULL, NULL, '8402螺絲刀頭配頭', '啤件', 0.92, NULL, NULL, 9, NULL, NULL, 'PC', NULL);
INSERT INTO `t_engineering_part` VALUES (121, NULL, 'KL03G014R', '鎳色', NULL, NULL, 'Φ3.0XL25.5mm', NULL, '8402刀頭搓花鐵軸', '五金', 1.42, NULL, NULL, 9, NULL, NULL, 'PC', NULL);
INSERT INTO `t_engineering_part` VALUES (122, NULL, 'KL03A001R', '銀色', NULL, NULL, NULL, NULL, '8402平頭十字螺絲刀', '啤件', 3.20, NULL, NULL, 9, NULL, NULL, 'PC', NULL);
INSERT INTO `t_engineering_part` VALUES (123, NULL, 'KL03A003R', '銀色', NULL, NULL, NULL, NULL, '8402一字螺絲刀', '啤件', 3.60, NULL, NULL, 9, NULL, NULL, 'PC', NULL);
INSERT INTO `t_engineering_part` VALUES (124, NULL, 'KL03A004R', '銀色', NULL, NULL, NULL, NULL, '8402圓形鑽頭', '啤件', 3.40, NULL, NULL, 9, NULL, NULL, 'PC', NULL);
INSERT INTO `t_engineering_part` VALUES (125, NULL, 'KLE4A001R', '藍色', NULL, NULL, NULL, NULL, '#8399新款電鋸綠大身左', '啤件', 59.00, NULL, NULL, 9, NULL, NULL, 'PC', NULL);
INSERT INTO `t_engineering_part` VALUES (126, NULL, 'KLE4A002R', '藍色', NULL, NULL, NULL, NULL, '#8399新款電鋸綠大身右', '啤件', 56.00, NULL, NULL, 9, NULL, NULL, 'PC', NULL);
INSERT INTO `t_engineering_part` VALUES (127, NULL, 'KLE4A003R', '藍色', NULL, NULL, NULL, NULL, '#8399新款電鋸綠螺絲定位件（大孔）', '啤件', 0.50, NULL, NULL, 9, NULL, NULL, 'PC', NULL);
INSERT INTO `t_engineering_part` VALUES (128, NULL, 'KLB7A004R', '黑色', NULL, NULL, NULL, NULL, '#8399新款電鋸后手柄', '啤件', 6.70, NULL, NULL, 9, NULL, NULL, 'PC', NULL);
INSERT INTO `t_engineering_part` VALUES (129, NULL, '02AAOE18A', NULL, '黑种OE-18(遠洋)', NULL, NULL, NULL, '黑种OE-18(遠洋)', '色粉', NULL, NULL, NULL, 9, NULL, NULL, '份', NULL);
INSERT INTO `t_engineering_part` VALUES (130, NULL, 'KLB7A005R', '黑色', NULL, NULL, NULL, NULL, '#8399新款電鋸后手柄（包膠）', '啤件', 4.30, NULL, NULL, 9, NULL, NULL, 'PC', NULL);
INSERT INTO `t_engineering_part` VALUES (131, NULL, 'KLB7A006R', '銀色', NULL, NULL, NULL, NULL, '#8399新款電鋸鋸片左', '啤件', 28.00, NULL, NULL, 9, NULL, NULL, 'g', NULL);
INSERT INTO `t_engineering_part` VALUES (132, NULL, 'KL70E001R', NULL, '19836(遠洋)', NULL, NULL, NULL, '19836(遠洋)', '色粉', NULL, NULL, NULL, 9, NULL, NULL, '份', NULL);
INSERT INTO `t_engineering_part` VALUES (133, NULL, 'KLB7A007R', '銀色', NULL, NULL, NULL, NULL, '#8399新款電鋸鋸片右', '啤件', 26.00, NULL, NULL, 9, NULL, NULL, 'g', NULL);
INSERT INTO `t_engineering_part` VALUES (134, NULL, 'KLB7A008R', '銀色', NULL, NULL, NULL, NULL, '#8399新款電鋸鋸齒', '啤件', 3.70, NULL, NULL, 9, NULL, NULL, 'PC', NULL);
INSERT INTO `t_engineering_part` VALUES (135, NULL, 'KLB7A100R', '銀色', NULL, NULL, NULL, NULL, '#8399新款電鋸鋸鏈(新料)', '啤件', 4.80, NULL, NULL, 9, NULL, NULL, 'PC', NULL);
INSERT INTO `t_engineering_part` VALUES (136, NULL, '01ATPE60A', NULL, 'TPE 2103-60A（毫豐）', NULL, NULL, NULL, 'TPE 2103-60A（毫豐）', '膠料', NULL, NULL, NULL, 9, NULL, NULL, 'g', NULL);
INSERT INTO `t_engineering_part` VALUES (137, NULL, 'KLB7A010R', '透明', NULL, NULL, NULL, NULL, '#8399新款電鋸燈片', '啤件', 1.60, NULL, NULL, 9, NULL, NULL, 'PC', NULL);
INSERT INTO `t_engineering_part` VALUES (138, NULL, 'KLB7A011R', '透明', NULL, NULL, NULL, NULL, '#8399新款電鋸牙箱面', '啤件', 7.00, NULL, NULL, 9, NULL, NULL, 'PC', NULL);
INSERT INTO `t_engineering_part` VALUES (139, NULL, 'KLB7A012R', '透明', NULL, NULL, NULL, NULL, '#8399新款電鋸牙箱底', '啤件', 8.20, NULL, NULL, 9, NULL, NULL, 'PC', NULL);
INSERT INTO `t_engineering_part` VALUES (140, NULL, 'KLB7A013R', '黑色', NULL, NULL, NULL, NULL, '#8399新款電鋸電池箱上', '啤件', 16.00, NULL, NULL, 9, NULL, NULL, 'PC', NULL);
INSERT INTO `t_engineering_part` VALUES (141, NULL, 'KLB7A014R', '黑色', NULL, NULL, NULL, NULL, '#8399新款電鋸電池箱', '啤件', 25.00, NULL, NULL, 9, NULL, NULL, 'PC', NULL);
INSERT INTO `t_engineering_part` VALUES (142, NULL, 'KLB7A015R', '黑色', NULL, NULL, NULL, NULL, '#8399新款電鋸喇叭罩', '啤件', 34.00, NULL, NULL, 9, NULL, NULL, 'PC', NULL);
INSERT INTO `t_engineering_part` VALUES (143, NULL, 'KLB7A016R', '黑色', NULL, NULL, NULL, NULL, '#8399新款電鋸喇叭壓塊', '啤件', 1.50, NULL, NULL, 9, NULL, NULL, 'PC', NULL);
INSERT INTO `t_engineering_part` VALUES (144, NULL, 'KLB7A017R', '黑色', NULL, NULL, NULL, NULL, '#8399新款電鋸絲母塞', '啤件', 0.20, NULL, NULL, 9, NULL, NULL, 'PC', NULL);
INSERT INTO `t_engineering_part` VALUES (145, NULL, 'KLB7A101R', '黑色', NULL, NULL, NULL, NULL, '#8399新款電鋸鋸片蓋(新)', '啤件', 25.00, NULL, NULL, 9, NULL, NULL, 'PC', NULL);
INSERT INTO `t_engineering_part` VALUES (146, NULL, 'KLB7A019R', '黑色', NULL, NULL, NULL, NULL, '#8399新款電鋸大旋鈕', '啤件', 7.70, NULL, NULL, 9, NULL, NULL, 'PC', NULL);
INSERT INTO `t_engineering_part` VALUES (147, NULL, 'KLB7A020R', '黑色', NULL, NULL, NULL, NULL, '#8399新款電鋸頂旋鈕', '啤件', 3.20, NULL, NULL, 9, NULL, NULL, 'PC', NULL);
INSERT INTO `t_engineering_part` VALUES (148, NULL, 'KLB7A021R', '黑色', NULL, NULL, NULL, NULL, '#8399新款電鋸螺絲', '啤件', 1.30, NULL, NULL, 9, NULL, NULL, 'PC', NULL);
INSERT INTO `t_engineering_part` VALUES (149, NULL, 'KLB7A022R', '黑色', NULL, NULL, NULL, NULL, '#8399新款電鋸螺絲壓塊', '啤件', 0.70, NULL, NULL, 9, NULL, NULL, 'PC', NULL);
INSERT INTO `t_engineering_part` VALUES (150, NULL, 'KLB7A023R', '黑色', NULL, NULL, NULL, NULL, '#8399新款電鋸手柄前', '啤件', 9.40, NULL, NULL, 9, NULL, NULL, 'PC', NULL);
INSERT INTO `t_engineering_part` VALUES (151, NULL, '01PPBJ55A', NULL, 'PPBJ550（SAMSUNG ）', NULL, NULL, NULL, 'PPBJ550（SAMSUNG ）', '膠料', NULL, NULL, NULL, 9, NULL, NULL, 'g', NULL);
INSERT INTO `t_engineering_part` VALUES (152, NULL, 'KLB7A024R', '黑色', NULL, NULL, NULL, NULL, '#8399新款電鋸手柄后', '啤件', 9.40, NULL, NULL, 9, NULL, NULL, 'PC', NULL);
INSERT INTO `t_engineering_part` VALUES (153, NULL, 'KLB7A025R', '黑色', NULL, NULL, NULL, NULL, '#8399新款電鋸護手', '啤件', 24.00, NULL, NULL, 9, NULL, NULL, 'PC', NULL);
INSERT INTO `t_engineering_part` VALUES (154, NULL, 'KLB7A026R', '黑色', NULL, NULL, NULL, NULL, '#8399新款電鋸手柄連接件', '啤件', 0.60, NULL, NULL, 9, NULL, NULL, 'PC', NULL);
INSERT INTO `t_engineering_part` VALUES (155, NULL, 'KLB7A027R', '紅色', NULL, NULL, NULL, NULL, '#8399新款電鋸電池蓋', '啤件', 14.00, NULL, NULL, 9, NULL, NULL, 'PC', NULL);
INSERT INTO `t_engineering_part` VALUES (156, NULL, 'KLB7A028R', '紅色', NULL, NULL, NULL, NULL, '#8399新款電鋸小旋鈕', '啤件', 5.70, NULL, NULL, 9, NULL, NULL, 'PC', NULL);
INSERT INTO `t_engineering_part` VALUES (157, NULL, 'KLB7A029R', '紅色', NULL, NULL, NULL, NULL, '#8399新款電鋸開關制', '啤件', 4.30, NULL, NULL, 9, NULL, NULL, 'PC', NULL);
INSERT INTO `t_engineering_part` VALUES (158, NULL, 'KLB7A030R', '紅色', NULL, NULL, NULL, NULL, '#8399新款電鋸鋸片復位件', '啤件', 1.20, NULL, NULL, 9, NULL, NULL, 'PC', NULL);
INSERT INTO `t_engineering_part` VALUES (159, NULL, 'KLB7A031R', '紅色', NULL, NULL, NULL, NULL, '#8399新款電鋸側按制', '啤件', 1.00, NULL, NULL, 9, NULL, NULL, 'PC', NULL);
INSERT INTO `t_engineering_part` VALUES (160, NULL, 'KLB7A032R', '紅色', NULL, NULL, NULL, NULL, '#8399新款電鋸底按制', '啤件', 1.00, NULL, NULL, 9, NULL, NULL, 'PC', NULL);
INSERT INTO `t_engineering_part` VALUES (161, NULL, 'KLB7A033R', '原色', NULL, NULL, NULL, NULL, '#8399新款電鋸上旋鈕響片', '啤件', 0.30, NULL, NULL, 9, NULL, NULL, 'PC', NULL);
INSERT INTO `t_engineering_part` VALUES (162, NULL, 'KLB7A034R', '原色', NULL, NULL, NULL, NULL, '#8399新款電鋸大旋鈕響片', '啤件', 0.46, NULL, NULL, 9, NULL, NULL, 'PC', NULL);
INSERT INTO `t_engineering_part` VALUES (163, NULL, 'KLB7A035R', '原色', NULL, NULL, NULL, NULL, '#8399新款電鋸小旋鈕響片', '啤件', 0.30, NULL, NULL, 9, NULL, NULL, 'PC', NULL);
INSERT INTO `t_engineering_part` VALUES (164, NULL, 'KLB7A036R', '原色', NULL, NULL, NULL, NULL, '#8399新款電鋸鋸鏈齒', '啤件', 1.90, NULL, NULL, 9, NULL, NULL, 'PC', NULL);
INSERT INTO `t_engineering_part` VALUES (165, NULL, 'KLB7A037R', '原色', NULL, NULL, NULL, NULL, '#8399新款電鋸鋸鏈大滑輪', '啤件', 0.60, NULL, NULL, 9, NULL, NULL, 'PC', NULL);
INSERT INTO `t_engineering_part` VALUES (166, NULL, 'KLB7A038R', '原色', NULL, NULL, NULL, NULL, '#8399新款電鋸小滑輪', '啤件', 0.20, NULL, NULL, 9, NULL, NULL, 'PCS', NULL);
INSERT INTO `t_engineering_part` VALUES (167, NULL, 'KLB7A039R', '原色', NULL, NULL, NULL, NULL, '#8399新款電鋸馬達牙', '啤件', 0.10, NULL, NULL, 9, NULL, NULL, 'PC', NULL);
INSERT INTO `t_engineering_part` VALUES (168, NULL, 'KLB7A040R', '原色', NULL, NULL, NULL, NULL, '#8399新款電鋸馬達傳動牙', '啤件', 0.36, NULL, NULL, 9, NULL, NULL, 'PC', NULL);
INSERT INTO `t_engineering_part` VALUES (169, NULL, 'KLB7A041R', '原色', NULL, NULL, NULL, NULL, '#8399新款電鋸鋸鏈傳動牙', '啤件', 0.38, NULL, NULL, 9, NULL, NULL, 'PC', NULL);
INSERT INTO `t_engineering_part` VALUES (170, NULL, 'KLB7A042R', '原色', NULL, NULL, NULL, NULL, '#8399新款電鋸上旋鈕齒', '啤件', 2.40, NULL, NULL, 9, NULL, NULL, 'PC', NULL);
INSERT INTO `t_engineering_part` VALUES (171, NULL, 'KLB7A043R', '原色', NULL, NULL, NULL, NULL, '#8399新款電鋸極離子', '啤件', 0.60, NULL, NULL, 9, NULL, NULL, 'PC', NULL);
INSERT INTO `t_engineering_part` VALUES (172, NULL, 'KLB7A044R', '原色', NULL, NULL, NULL, NULL, '#8399新款電鋸六角軸', '啤件', 0.70, NULL, NULL, 9, NULL, NULL, 'PC', NULL);
INSERT INTO `t_engineering_part` VALUES (173, NULL, 'KLE4D001R', '綠色', NULL, NULL, NULL, NULL, '#8399新款電鋸綠大身左右', '裝配半品', NULL, NULL, NULL, 9, NULL, NULL, 'g', NULL);
INSERT INTO `t_engineering_part` VALUES (174, NULL, 'KLB7A001R', NULL, NULL, NULL, NULL, NULL, '#8399新款電鋸綠大身左', NULL, NULL, NULL, NULL, NULL, NULL, NULL, 'g', NULL);
INSERT INTO `t_engineering_part` VALUES (175, NULL, 'KLB7A002R', '綠色', NULL, NULL, NULL, NULL, '#8399新款電鋸綠大身右', NULL, NULL, NULL, NULL, NULL, NULL, NULL, NULL, NULL);
INSERT INTO `t_engineering_part` VALUES (176, NULL, 'KLE4B001R', '綠色', NULL, NULL, NULL, NULL, '#8399新款電鋸左右身', '噴油件', NULL, NULL, NULL, 9, NULL, NULL, 'g', NULL);
INSERT INTO `t_engineering_part` VALUES (177, NULL, 'KLE4L001R', '綠色', NULL, NULL, NULL, NULL, '#8399新款電鋸左右身', '移印件', NULL, NULL, NULL, 9, NULL, NULL, 'PC', NULL);
INSERT INTO `t_engineering_part` VALUES (178, NULL, '03B1T208R', '透明', 'T-208(永輝)', NULL, NULL, NULL, 'T-208(永輝)', '開油水', NULL, NULL, NULL, 9, NULL, NULL, 'L', NULL);
INSERT INTO `t_engineering_part` VALUES (179, NULL, 'KLB7L002R', '銀色', NULL, NULL, NULL, NULL, '#8399新款電鋸鋸片左', '移印件', NULL, NULL, NULL, 9, NULL, NULL, 'PC', NULL);
INSERT INTO `t_engineering_part` VALUES (180, NULL, 'ID01F002A', '黑色', 'NG-502(永輝)', NULL, NULL, NULL, 'NG-502(永輝)', '開油水', NULL, NULL, NULL, 9, NULL, NULL, 'L', NULL);
INSERT INTO `t_engineering_part` VALUES (181, NULL, 'KLB7L003R', '銀色', NULL, NULL, NULL, NULL, '#8399新款電鋸鋸片右', '移印件', NULL, NULL, NULL, 9, NULL, NULL, 'PC', NULL);
INSERT INTO `t_engineering_part` VALUES (182, NULL, '04CM3001R', '電叻', NULL, NULL, 'M3.0', NULL, 'M3螺母', '五金', 0.40, NULL, NULL, 9, NULL, NULL, 'PC', NULL);
INSERT INTO `t_engineering_part` VALUES (183, NULL, '04A26041R', '電叻', NULL, NULL, '2.6X4PB 加硬', NULL, '螺絲', '五金', 0.70, NULL, NULL, 9, NULL, NULL, 'PC', NULL);
INSERT INTO `t_engineering_part` VALUES (184, NULL, '04A20061R', '電叻', NULL, NULL, '2X6 PB', NULL, '螺絲', '五金', 0.20, NULL, NULL, 9, NULL, NULL, 'PC', NULL);
INSERT INTO `t_engineering_part` VALUES (185, NULL, '04B26067R', '電叻', NULL, NULL, '2.6X6 PWB，D7', NULL, '介子頭螺絲', '五金', 1.80, NULL, NULL, 9, NULL, NULL, 'PC', NULL);
INSERT INTO `t_engineering_part` VALUES (186, NULL, '04B26087R', '電叻', NULL, NULL, '2.6X8 PWB，D7', NULL, '介子頭螺絲', '五金', 0.90, NULL, NULL, 9, NULL, NULL, 'PC', NULL);
INSERT INTO `t_engineering_part` VALUES (187, NULL, 'KLB7G012R', '電叻', NULL, NULL, 'L29.5mmXOD6.2mmX0.8mm線X2.25T', NULL, '#8399新款電鋸開關扭簧(新）', '五金', 0.30, NULL, NULL, 9, NULL, NULL, 'PC', NULL);
INSERT INTO `t_engineering_part` VALUES (188, NULL, 'KLB7G002R', '電叻', NULL, NULL, 'L14.5mmXOD5.5mmXOD6.5X0.5mm線X7T', NULL, '#8399新款電鋸鋸片復位拉簧', '五金', 0.30, NULL, NULL, 9, NULL, NULL, 'PC', NULL);
INSERT INTO `t_engineering_part` VALUES (189, NULL, 'KLB7G003R', '電叻', NULL, NULL, 'L12mmXOD6.1mmX0.4線X8T', NULL, '#8399新款電鋸側按制壓簧', '五金', 0.18, NULL, NULL, 9, NULL, NULL, 'PC', NULL);
INSERT INTO `t_engineering_part` VALUES (190, NULL, 'KLB7G004R', '電叻', NULL, NULL, 'L18mmXW13mmXH1.8mm', NULL, '#8399新款電鋸正極片', '五金', 0.40, NULL, NULL, 9, NULL, NULL, 'PC', NULL);
INSERT INTO `t_engineering_part` VALUES (191, NULL, 'KLB7G005R', '電叻', NULL, NULL, 'L18mmXW13mmXH12mm', NULL, '#8399新款電鋸負極片', '五金', 0.70, NULL, NULL, 9, NULL, NULL, 'PC', NULL);
INSERT INTO `t_engineering_part` VALUES (192, NULL, 'KLB7G006R', '電叻', NULL, NULL, 'L18mmXW28.6mmXH12mm', NULL, '#8399新款電鋸正負極連片', '五金', 1.10, NULL, NULL, 9, NULL, NULL, 'PC', NULL);
INSERT INTO `t_engineering_part` VALUES (193, NULL, 'KLB7G007R', '電叻', NULL, NULL, 'L18mmXW28.6mmXH12mm', NULL, '#8399新款電鋸負正極連片', '五金', 1.10, NULL, NULL, 9, NULL, NULL, 'PC', NULL);
INSERT INTO `t_engineering_part` VALUES (194, NULL, 'KLB7G008R', '原色', NULL, NULL, 'L7mmXOD3mmXOD4.8mmX0.2厚', NULL, '雞眼', '五金', 0.08, NULL, NULL, 9, NULL, NULL, 'PCS', NULL);
INSERT INTO `t_engineering_part` VALUES (195, NULL, 'KLB7G013R', '原色', NULL, NULL, 'L5mmXOD2mmXOD3.5mmX0.2厚', NULL, '雞眼（小）', '五金', 0.05, NULL, NULL, 9, NULL, NULL, 'PCS', NULL);
INSERT INTO `t_engineering_part` VALUES (196, NULL, 'KLB7G009R', '電叻', NULL, NULL, '2mmXL26mmX2.2波羅花', NULL, '#8399新款電鋸小單搓花軸', '五金', 0.60, NULL, NULL, 9, NULL, NULL, 'PC', NULL);
INSERT INTO `t_engineering_part` VALUES (197, NULL, 'KLB7G014R', '電叻', NULL, NULL, '2mmXL49.4mmX2.2/2.1直花', NULL, '#8399新款電鋸雙搓花軸（新）', '五金', 1.20, NULL, NULL, 9, NULL, NULL, 'PC', NULL);
INSERT INTO `t_engineering_part` VALUES (198, NULL, 'KLB7G015R', '電叻', NULL, NULL, '2.5mmXL28.5mmX2.65波蘿花', NULL, '#8399新款電鋸大單搓花軸(新）', '五金', 1.20, NULL, NULL, 9, NULL, NULL, 'PC', NULL);
INSERT INTO `t_engineering_part` VALUES (199, NULL, 'KL09J001R', NULL, NULL, NULL, '型號：W581J020-9751H', NULL, '電鋸IC', '電子', 0.01, NULL, NULL, 9, NULL, NULL, 'PC', NULL);
INSERT INTO `t_engineering_part` VALUES (200, NULL, 'KLB7J001R', NULL, NULL, NULL, 'L35.5mmXW21mmX1.2mm厚+8條外徑1mm電線+1葉片開關，2電感及孖白線/紅線不需焊在板上。', NULL, '#8399新款電鋸PCBA組件', '電子', 5.00, NULL, NULL, 9, NULL, NULL, 'SET', NULL);
INSERT INTO `t_engineering_part` VALUES (201, NULL, 'S009J003A', '綠色', NULL, NULL, '綠色膠殼 紙質50x8Ωx0.5W', NULL, '環保喇叭', '電子', 13.00, NULL, NULL, 9, NULL, NULL, 'PC', NULL);
INSERT INTO `t_engineering_part` VALUES (202, NULL, '05C1501BR', '黑色', NULL, NULL, 'L150mmX外徑1mm7芯銅線,一端3mm,另一端5mm上錫', NULL, '電線', '電子', 0.20, NULL, NULL, 9, NULL, NULL, '條', NULL);
INSERT INTO `t_engineering_part` VALUES (203, NULL, '05H1810RE', '灰色尾蓋', NULL, NULL, 'LFA130RMP-U18100RN-38MDV,灰色尾蓋', NULL, 'DV馬達', '電子', 17.00, NULL, NULL, 9, NULL, NULL, 'PC', NULL);
INSERT INTO `t_engineering_part` VALUES (204, NULL, 'KL09J006R', NULL, NULL, NULL, '0.75A', NULL, '0.75A PTC', '電子', 0.30, NULL, NULL, 9, NULL, NULL, 'PC', NULL);
INSERT INTO `t_engineering_part` VALUES (205, NULL, 'P127J004A', '橙色', NULL, NULL, '104', NULL, '104陶瓷電容', '電子', 0.10, NULL, NULL, 9, NULL, NULL, 'PC', NULL);
INSERT INTO `t_engineering_part` VALUES (206, NULL, 'KL09A001B', '原色', NULL, NULL, 'M0.5XL6mmX6mmX1.9mm穿孔', NULL, '豬腸牙', '外購', 0.15, NULL, NULL, 9, NULL, NULL, 'PC', NULL);
INSERT INTO `t_engineering_part` VALUES (207, NULL, 'KL09A003R', '綠色', NULL, NULL, NULL, NULL, '#8430電鋸電池蓋', '啤件', 7.80, NULL, NULL, 9, NULL, NULL, 'PC', NULL);
INSERT INTO `t_engineering_part` VALUES (208, NULL, 'KL67E001R', NULL, '19353(遠洋)', NULL, NULL, NULL, '19353(遠洋)', '色粉', NULL, NULL, NULL, 9, NULL, NULL, '份', NULL);
INSERT INTO `t_engineering_part` VALUES (209, NULL, '04A0308DR', '電叻', NULL, NULL, '3X8 PM', NULL, '半機牙螺絲', '五金', 0.70, NULL, NULL, 9, NULL, NULL, 'PC', NULL);
INSERT INTO `t_engineering_part` VALUES (210, NULL, 'KL09I012R', '4C', NULL, NULL, '27mmX17mm', NULL, 'Klein貼紙(2013歐洲版)', '印刷品', 0.05, NULL, NULL, 9, NULL, NULL, 'PC', NULL);
INSERT INTO `t_engineering_part` VALUES (211, NULL, 'KL06K001R', '透明', NULL, NULL, '0D5.0XID2.7X0.3mm厚', NULL, 'PET介子', '外購', 0.01, NULL, NULL, 9, NULL, NULL, 'PC', NULL);
INSERT INTO `t_engineering_part` VALUES (212, NULL, 'KL01A001A', '銀灰', NULL, NULL, NULL, NULL, '耳罩固定帶', '啤件', 26.00, NULL, NULL, 9, NULL, NULL, 'PCS', NULL);
INSERT INTO `t_engineering_part` VALUES (213, NULL, '01HDA016A', NULL, 'HDPE HMA016( Exxon Mobil)', NULL, NULL, NULL, 'HDPE HMA016( Exxon Mobil)', '膠料', NULL, NULL, NULL, 9, NULL, NULL, 'g', NULL);
INSERT INTO `t_engineering_part` VALUES (214, NULL, 'KL01E001A', NULL, 'S43884(彩隆)', NULL, NULL, NULL, 'S43884(彩隆)', '色粉', NULL, NULL, NULL, 9, NULL, NULL, '份', NULL);
INSERT INTO `t_engineering_part` VALUES (215, NULL, 'KL01A002A', '難色', NULL, NULL, NULL, NULL, '難色耳罩內殼', '啤件', 24.55, NULL, NULL, 9, NULL, NULL, 'PCS', NULL);
INSERT INTO `t_engineering_part` VALUES (216, NULL, 'KL12E001A', NULL, 'MS30689(彩隆)', NULL, NULL, NULL, 'MS30689(彩隆)', '色粉', NULL, NULL, NULL, 9, NULL, NULL, '份', NULL);
INSERT INTO `t_engineering_part` VALUES (217, NULL, 'KL01A003A', '難色', NULL, NULL, NULL, NULL, '難色耳罩外殼', '啤件', 14.45, NULL, NULL, 9, NULL, NULL, 'PCS', NULL);
INSERT INTO `t_engineering_part` VALUES (218, NULL, 'KL01I001R', '2C', NULL, NULL, 'L86XW20mm', NULL, '難色版3文耳罩警告貼紙', '印刷品', NULL, NULL, NULL, 9, NULL, NULL, 'PC', NULL);
INSERT INTO `t_engineering_part` VALUES (219, NULL, 'KL01K001A', '1C', NULL, NULL, 'L77XW59XT6.5mm', NULL, '黃色EVA圈', '其它', NULL, NULL, NULL, 9, NULL, NULL, 'PCS', NULL);
INSERT INTO `t_engineering_part` VALUES (220, NULL, 'PM22H007A', NULL, NULL, NULL, 'FB-661', NULL, '強力膠', '其它', NULL, NULL, NULL, 9, NULL, NULL, 'g', NULL);
INSERT INTO `t_engineering_part` VALUES (221, NULL, 'KLE3A001R', '藍色', NULL, NULL, NULL, NULL, '電池箱', '啤件', 3.60, NULL, NULL, 9, NULL, NULL, 'PC', NULL);
INSERT INTO `t_engineering_part` VALUES (222, NULL, 'KLE3A002R', '藍色', NULL, NULL, NULL, NULL, '大身左', '啤件', 15.70, NULL, NULL, 9, NULL, NULL, 'g', NULL);
INSERT INTO `t_engineering_part` VALUES (223, NULL, 'KLE3A003R', '藍色', NULL, NULL, NULL, NULL, '大身右', '啤件', 14.60, NULL, NULL, 9, NULL, NULL, 'PC', NULL);
INSERT INTO `t_engineering_part` VALUES (224, NULL, 'KLE3A004R', '藍色', NULL, NULL, NULL, NULL, '電池門', '啤件', 3.47, NULL, NULL, 9, NULL, NULL, 'PC', NULL);
INSERT INTO `t_engineering_part` VALUES (225, NULL, 'KLE3A005R', '黑色', NULL, NULL, NULL, NULL, '8300包膠電池門', '啤件', 3.20, NULL, NULL, 9, NULL, NULL, 'PC', NULL);
INSERT INTO `t_engineering_part` VALUES (226, NULL, 'KL06A007R', NULL, '8251蘭色電池門', NULL, NULL, NULL, '8251蘭色電池門', '色粉', NULL, NULL, NULL, 9, NULL, NULL, 'PC', NULL);
INSERT INTO `t_engineering_part` VALUES (227, NULL, 'KLA2A006R', '黑色', NULL, NULL, NULL, NULL, '8300前蓋', '啤件', 3.30, NULL, NULL, 9, NULL, NULL, 'PC', NULL);
INSERT INTO `t_engineering_part` VALUES (228, NULL, 'KLA2A007R', '紅色', NULL, NULL, NULL, NULL, '8300紅色按制', '啤件', 2.90, NULL, NULL, 9, NULL, NULL, 'PC', NULL);
INSERT INTO `t_engineering_part` VALUES (229, NULL, 'KLA2A008R', '紅色', NULL, NULL, NULL, NULL, '8300紅色撥動制', '啤件', 0.80, NULL, NULL, 9, NULL, NULL, 'PC', NULL);
INSERT INTO `t_engineering_part` VALUES (230, NULL, 'KLA2A009R', '紅色', NULL, NULL, NULL, NULL, '8300紅色傳動桿', '啤件', 0.90, NULL, NULL, 9, NULL, NULL, 'PC', NULL);
INSERT INTO `t_engineering_part` VALUES (231, NULL, 'KLA2A010R', '紅色', NULL, NULL, NULL, NULL, '8300紅色傳動桿蓋', '啤件', 0.15, NULL, NULL, 9, NULL, NULL, 'PC', NULL);
INSERT INTO `t_engineering_part` VALUES (232, NULL, 'KLA2A011R', '原色', NULL, NULL, NULL, NULL, '馬達齒輪', '啤件', 0.10, NULL, NULL, 9, NULL, NULL, 'PC', NULL);
INSERT INTO `t_engineering_part` VALUES (233, NULL, 'KLA2A012R', '原色', NULL, NULL, NULL, NULL, '雙層齒輪', '啤件', 0.20, NULL, NULL, 9, NULL, NULL, 'PCS', NULL);
INSERT INTO `t_engineering_part` VALUES (234, NULL, 'KLA2A013R', '原色', NULL, NULL, NULL, NULL, '小離合齒輪', '啤件', 0.10, NULL, NULL, 9, NULL, NULL, 'PC', NULL);
INSERT INTO `t_engineering_part` VALUES (235, NULL, 'KLA2A014R', '原色', NULL, NULL, NULL, NULL, '大離合齒輪', '啤件', 0.20, NULL, NULL, 9, NULL, NULL, 'PC', NULL);
INSERT INTO `t_engineering_part` VALUES (236, NULL, 'KLA2A015R', '原色', NULL, NULL, NULL, NULL, '傳動齒輪', '啤件', 0.30, NULL, NULL, 9, NULL, NULL, 'PC', NULL);
INSERT INTO `t_engineering_part` VALUES (237, NULL, 'KLA2A016R', '原色', NULL, NULL, NULL, NULL, '彈弓固定件', '啤件', 0.10, NULL, NULL, 9, NULL, NULL, 'PC', NULL);
INSERT INTO `t_engineering_part` VALUES (238, NULL, 'KLA2A017R', '原色', NULL, NULL, NULL, NULL, 'C形圈', '啤件', 0.10, NULL, NULL, 9, NULL, NULL, 'PC', NULL);
INSERT INTO `t_engineering_part` VALUES (239, NULL, 'KLE3D001R', '藍色', NULL, NULL, NULL, NULL, '8103藍色大身左右組件', '組件', NULL, NULL, NULL, 9, NULL, NULL, 'g', NULL);
INSERT INTO `t_engineering_part` VALUES (240, NULL, 'KLE3B001R', '藍色', NULL, NULL, NULL, NULL, '8103藍色大身左右組件', '噴油件', NULL, NULL, NULL, 9, NULL, NULL, 'g', NULL);
INSERT INTO `t_engineering_part` VALUES (241, NULL, '03BA2623R', '啞黑', 'PHA-2613', NULL, NULL, NULL, 'PHA-2613', '噴油', NULL, NULL, NULL, 9, NULL, NULL, 'L', NULL);
INSERT INTO `t_engineering_part` VALUES (242, NULL, 'KLE3L001R', '藍色', NULL, NULL, NULL, NULL, '8103藍色大身左右組件', '移印件', NULL, NULL, NULL, 9, NULL, NULL, 'PC', NULL);
INSERT INTO `t_engineering_part` VALUES (243, NULL, '05G6SS22R', NULL, NULL, NULL, 'L10.7mmXW5.7mm', NULL, 'SS22H06 VG5 兩檔開關', '電子', 0.90, NULL, NULL, 9, NULL, NULL, 'PC', NULL);
INSERT INTO `t_engineering_part` VALUES (244, NULL, '05HU2266E', '銀色+黃蓋', NULL, NULL, 'LFA130SA-U2266R-35DV', NULL, '黃色尾蓋馬達', '電子', 17.00, NULL, NULL, 9, NULL, NULL, 'PC', NULL);
INSERT INTO `t_engineering_part` VALUES (245, NULL, '05C0809AR', '黑色', NULL, NULL, 'Φ0.8mmXL90mm', NULL, 'Φ0.8mmXL90mm黑色電線', '電子', 0.10, NULL, NULL, 9, NULL, NULL, 'PC', NULL);
INSERT INTO `t_engineering_part` VALUES (246, NULL, '05C0818DR', '紅色', NULL, NULL, 'Φ0.8mmXL188', NULL, 'Φ0.8mmXL188mm紅色電線（中間剝皮兩段，如圖）', '電子', 0.10, NULL, NULL, 9, NULL, NULL, 'PC', NULL);
INSERT INTO `t_engineering_part` VALUES (247, NULL, '05C0850ER', '黃色', NULL, NULL, 'Φ0.8mmXL50mm', NULL, 'Φ0.8mmXL50mm黃色電線', '電子', 0.10, NULL, NULL, 9, NULL, NULL, 'PC', NULL);
INSERT INTO `t_engineering_part` VALUES (248, NULL, '05C0855DR', '紅色', NULL, NULL, 'Φ0.8mmXL55 mm', NULL, 'Φ0.8mmXL55mm紅色電線', '電子', 0.10, NULL, NULL, 9, NULL, NULL, 'PC', NULL);
INSERT INTO `t_engineering_part` VALUES (249, NULL, '05E2YM01R', '白色', NULL, NULL, 'Φ3mm白髮白（圓頭）磨砂超光', NULL, 'Φ3mm 3V白髮白LED燈', '電子', NULL, NULL, NULL, 9, NULL, NULL, 'PC', NULL);
INSERT INTO `t_engineering_part` VALUES (250, NULL, 'KL04J002R', '橙色', NULL, NULL, '0.65A', NULL, '0.65A  PTC', '電子', 0.10, NULL, NULL, 9, NULL, NULL, 'PC', NULL);
INSERT INTO `t_engineering_part` VALUES (251, NULL, 'KLA2G006R', '鎳色', NULL, NULL, '2.0*L31mm*2.2菠蘿花（跟圖）', NULL, '8300 雙搓花軸', '五金', 0.80, NULL, NULL, 9, NULL, NULL, 'PC', NULL);
INSERT INTO `t_engineering_part` VALUES (252, NULL, 'KLA2G001R', '鎳色', NULL, NULL, 'Φ2.0mmXL20mm x2.2直花（跟圖）', NULL, '8300 單搓花軸', '五金', 0.60, NULL, NULL, 9, NULL, NULL, 'PC', NULL);
INSERT INTO `t_engineering_part` VALUES (253, NULL, 'KLA2G002R', '鎳色', NULL, NULL, '0.5xOD5.8mmXL30mm（T3）', NULL, '8300 扭力彈弓（彎角）', '五金', 0.10, NULL, NULL, 9, NULL, NULL, 'PC', NULL);
INSERT INTO `t_engineering_part` VALUES (254, NULL, 'KL06G004R', '鎳色', NULL, NULL, 'L8.0mm*OD3.3*∮0.4mm線*7T', NULL, '8251壓力彈弓', '五金', 0.10, NULL, NULL, 9, NULL, NULL, 'PC', NULL);
INSERT INTO `t_engineering_part` VALUES (255, NULL, 'KL09G008R', '黃色', NULL, NULL, 'L8mm*OD2.3mm*OD4*0.2厚', NULL, '8251雞眼', '五金', 0.10, NULL, NULL, 9, NULL, NULL, 'PC', NULL);
INSERT INTO `t_engineering_part` VALUES (256, NULL, 'KLA2G003R', '鎳色', NULL, NULL, 'L13.5mm*W10.2mm*H1.7mm', NULL, '8300正极電池片', '五金', 0.40, NULL, NULL, 9, NULL, NULL, 'PC', NULL);
INSERT INTO `t_engineering_part` VALUES (257, NULL, 'KLA2G004R', '鎳色', NULL, NULL, 'L21.3mmxW10.2mmxH7.0mm+彈簧', NULL, '8300 負极電池片  (有彎角）', '五金', 0.40, NULL, NULL, 9, NULL, NULL, 'PC', NULL);
INSERT INTO `t_engineering_part` VALUES (258, NULL, 'KLA2G005R', '鎳色', NULL, NULL, 'L21.2mmXW13.5mmXH7.0mm+彈簧', NULL, '8300 正負電池片', '五金', 0.60, NULL, NULL, 9, NULL, NULL, 'PC', NULL);
INSERT INTO `t_engineering_part` VALUES (259, NULL, '04A03064R', '鎳色', NULL, NULL, 'Φ3.0X6PM', NULL, '半機牙螺絲', '五金', 0.40, NULL, NULL, 9, NULL, NULL, 'PC', NULL);
INSERT INTO `t_engineering_part` VALUES (260, NULL, '03A22010A', '透明', NULL, NULL, NULL, NULL, 'MEK膠水', '輔料', NULL, NULL, NULL, 9, NULL, NULL, 'g', NULL);
INSERT INTO `t_engineering_part` VALUES (261, NULL, 'KL19K002R', '黑色', NULL, NULL, 'L16.5mmXW6mmXH2mm', NULL, 'EVA海棉', '輔料', 0.03, NULL, NULL, 9, NULL, NULL, 'PC', NULL);
INSERT INTO `t_engineering_part` VALUES (262, NULL, '05B10001R', '銀色', NULL, NULL, '1.0mm', NULL, '錫線', '輔料', NULL, NULL, NULL, 9, NULL, NULL, 'mm', NULL);
INSERT INTO `t_engineering_part` VALUES (263, NULL, 'KL06A001R', '銀色', NULL, NULL, NULL, NULL, '8251柱形螺絲批頭', '啤件', 1.00, NULL, NULL, 9, NULL, NULL, 'PC', NULL);
INSERT INTO `t_engineering_part` VALUES (264, NULL, 'KL04E001A', NULL, 'S9216(彩隆)', NULL, NULL, NULL, 'S9216(彩隆)', '色粉', NULL, NULL, NULL, 9, NULL, NULL, '份', NULL);
INSERT INTO `t_engineering_part` VALUES (265, NULL, 'KL06A003R', '銀色', NULL, NULL, NULL, NULL, '8251批頭連接件', '啤件', 0.50, NULL, NULL, 9, NULL, NULL, 'PC', NULL);
INSERT INTO `t_engineering_part` VALUES (266, NULL, 'KL06A002R', '銀色', NULL, NULL, NULL, NULL, '8251錐形螺絲批頭', '啤件', 1.60, NULL, NULL, 9, NULL, NULL, 'PC', NULL);
INSERT INTO `t_engineering_part` VALUES (267, NULL, 'KL02A001A', '黃色', NULL, NULL, NULL, NULL, '黃色眼罩框', '啤件', 24.90, NULL, NULL, 9, NULL, NULL, 'PCS', NULL);
INSERT INTO `t_engineering_part` VALUES (268, NULL, '01PPBJ550', NULL, 'PPBJ550(HYOSUNG)', NULL, NULL, NULL, 'PPBJ550(HYOSUNG)', '膠料', NULL, NULL, NULL, 9, NULL, NULL, 'g', NULL);
INSERT INTO `t_engineering_part` VALUES (269, NULL, 'KL02E001A', NULL, 'S20059(彩隆)', NULL, NULL, NULL, 'S20059(彩隆)', '色粉', NULL, NULL, NULL, 9, NULL, NULL, '份', NULL);
INSERT INTO `t_engineering_part` VALUES (270, NULL, 'KL02A002A', '透明', NULL, NULL, NULL, NULL, '眼罩經鏡片', '啤件', 9.00, NULL, NULL, 9, NULL, NULL, 'PCS', NULL);
INSERT INTO `t_engineering_part` VALUES (271, NULL, '01KR03NWA', NULL, 'KR03NW(Chervon Phillips)', NULL, NULL, NULL, 'KR03NW(Chervon Phillips)', '膠料', NULL, NULL, NULL, 9, NULL, NULL, 'g', NULL);
INSERT INTO `t_engineering_part` VALUES (272, NULL, 'KL02A003A', '透明', NULL, NULL, NULL, NULL, '扣', '啤件', 0.50, NULL, NULL, 9, NULL, NULL, 'PCS', NULL);
INSERT INTO `t_engineering_part` VALUES (273, NULL, 'KL02I002A', '1C', NULL, NULL, 'L45XW30mm', NULL, '8122警告語貼紙A', '印刷品', NULL, NULL, NULL, 9, NULL, NULL, 'PC', NULL);
INSERT INTO `t_engineering_part` VALUES (274, NULL, 'KL02K001A', '黑色', NULL, NULL, 'L350XW10XT1mm', NULL, '黑色松縮帶', '其它', NULL, NULL, NULL, 9, NULL, NULL, 'PC', NULL);
INSERT INTO `t_engineering_part` VALUES (275, NULL, 'KL02K002A', '黑色', NULL, NULL, '線形:604', NULL, '車縫線', '其它', NULL, NULL, NULL, 9, NULL, NULL, 'CM', NULL);
INSERT INTO `t_engineering_part` VALUES (276, NULL, 'KLD7A001R', '黑色', NULL, NULL, NULL, NULL, '手柄', '啤件', 12.66, NULL, NULL, 9, NULL, NULL, 'PC', NULL);
INSERT INTO `t_engineering_part` VALUES (277, NULL, 'KLD7A002R', '黑色', NULL, NULL, NULL, NULL, '包膠手柄', '啤件', 15.33, NULL, NULL, 9, NULL, NULL, 'PC', NULL);
INSERT INTO `t_engineering_part` VALUES (278, NULL, 'KLE5A001R', '藍色', NULL, NULL, NULL, NULL, '大身左', '啤件', 51.54, NULL, NULL, 9, NULL, NULL, 'PC', NULL);
INSERT INTO `t_engineering_part` VALUES (279, NULL, 'KLE5A002R', '藍色', NULL, NULL, NULL, NULL, '大身右', '啤件', 66.33, NULL, NULL, 9, NULL, NULL, 'PC', NULL);
INSERT INTO `t_engineering_part` VALUES (280, NULL, 'KLD7A005R', '銀色', NULL, NULL, NULL, NULL, '鋸面', '啤件', 2.37, NULL, NULL, 9, NULL, NULL, 'PC', NULL);
INSERT INTO `t_engineering_part` VALUES (281, NULL, 'KLD7A006R', '銀色', NULL, NULL, NULL, NULL, '鋸底', '啤件', 1.20, NULL, NULL, 9, NULL, NULL, 'PC', NULL);
INSERT INTO `t_engineering_part` VALUES (282, NULL, 'KLD7A007R', '銀色', NULL, NULL, NULL, NULL, '底座', '啤件', 16.91, NULL, NULL, 9, NULL, NULL, 'PC', NULL);
INSERT INTO `t_engineering_part` VALUES (283, NULL, 'KLD7A008R', '透明', NULL, NULL, NULL, NULL, '透明罩', '啤件', 6.93, NULL, NULL, 9, NULL, NULL, 'PC', NULL);
INSERT INTO `t_engineering_part` VALUES (284, NULL, 'KLD7A009R', '透明', NULL, NULL, NULL, NULL, '燈罩', '啤件', 0.94, NULL, NULL, 9, NULL, NULL, 'PC', NULL);
INSERT INTO `t_engineering_part` VALUES (285, NULL, 'KLD7A010R', '紅色', NULL, NULL, NULL, NULL, '按制開關', '啤件', 6.25, NULL, NULL, 9, NULL, NULL, 'PC', NULL);
INSERT INTO `t_engineering_part` VALUES (286, NULL, 'KLD7A011R', '紅色', NULL, NULL, NULL, NULL, '滑塊', '啤件', 0.47, NULL, NULL, 9, NULL, NULL, 'PC', NULL);
INSERT INTO `t_engineering_part` VALUES (287, NULL, 'KLD7A012R', '紅色', NULL, NULL, NULL, NULL, '左右扭制', '啤件', 0.95, NULL, NULL, 9, NULL, NULL, 'PC', NULL);
INSERT INTO `t_engineering_part` VALUES (288, NULL, 'KLD7A013R', '紅色', NULL, NULL, NULL, NULL, '手柄推制', '啤件', 2.01, NULL, NULL, 9, NULL, NULL, 'PC', NULL);
INSERT INTO `t_engineering_part` VALUES (289, NULL, 'KLD7A014R', '紅色', NULL, NULL, NULL, NULL, '尺', '啤件', 4.81, NULL, NULL, 9, NULL, NULL, 'PC', NULL);
INSERT INTO `t_engineering_part` VALUES (290, NULL, 'KLE5A003R', '藍色', NULL, NULL, NULL, NULL, '電池蓋', '啤件', 7.68, NULL, NULL, 9, NULL, NULL, 'PC', NULL);
INSERT INTO `t_engineering_part` VALUES (291, NULL, 'KLE5A004R', '藍色', NULL, NULL, NULL, NULL, '連桿', '啤件', 2.00, NULL, NULL, 9, NULL, NULL, 'PC', NULL);
INSERT INTO `t_engineering_part` VALUES (292, NULL, 'KLE5A005R', '藍色', NULL, NULL, NULL, NULL, '滑塊蓋', '啤件', 0.14, NULL, NULL, 9, NULL, NULL, 'PC', NULL);
INSERT INTO `t_engineering_part` VALUES (293, NULL, 'KLE5A006R', '藍色', NULL, NULL, NULL, NULL, '偏心輪', '啤件', 0.43, NULL, NULL, 9, NULL, NULL, 'PC', NULL);
INSERT INTO `t_engineering_part` VALUES (294, NULL, 'KLE5A007R', '藍色', NULL, NULL, NULL, NULL, '螺母塞', '啤件', 0.10, NULL, NULL, 9, NULL, NULL, 'PC', NULL);
INSERT INTO `t_engineering_part` VALUES (295, NULL, 'KLE5A008R', '藍色', NULL, NULL, NULL, NULL, '底板', '啤件', 0.37, NULL, NULL, 9, NULL, NULL, 'PC', NULL);
INSERT INTO `t_engineering_part` VALUES (296, NULL, 'KLD7A021R', '黑色', NULL, NULL, NULL, NULL, '牙箱面', '啤件', 5.62, NULL, NULL, 9, NULL, NULL, 'PC', NULL);
INSERT INTO `t_engineering_part` VALUES (297, NULL, 'KLD7A022R', '黑色', NULL, NULL, NULL, NULL, '牙箱底', '啤件', 14.10, NULL, NULL, 9, NULL, NULL, 'PC', NULL);
INSERT INTO `t_engineering_part` VALUES (298, NULL, 'KLD7A023R', '黑色', NULL, NULL, NULL, NULL, '開關制', '啤件', 0.47, NULL, NULL, 9, NULL, NULL, 'PC', NULL);
INSERT INTO `t_engineering_part` VALUES (299, NULL, 'KLD7A024R', '原色', NULL, NULL, NULL, NULL, '大牙仔', '啤件', 1.26, NULL, NULL, 9, NULL, NULL, 'PC', NULL);
INSERT INTO `t_engineering_part` VALUES (300, NULL, 'KLD7A025R', '原色', NULL, NULL, NULL, NULL, '馬達牙', '啤件', 0.21, NULL, NULL, 9, NULL, NULL, 'PC', NULL);
INSERT INTO `t_engineering_part` VALUES (301, NULL, 'KLD7A026R', '原色', NULL, NULL, NULL, NULL, '偏心輪牙', '啤件', 0.35, NULL, NULL, 9, NULL, NULL, 'PC', NULL);

-- ----------------------------
-- Table structure for t_engineering_part_part
-- ----------------------------
DROP TABLE IF EXISTS `t_engineering_part_part`;
CREATE TABLE `t_engineering_part_part`  (
  `id` bigint(20) NOT NULL AUTO_INCREMENT,
  `number` varchar(255) CHARACTER SET utf8 COLLATE utf8_general_ci NULL DEFAULT NULL COMMENT '用量',
  `order_index` int(11) NULL DEFAULT NULL COMMENT '序號',
  `remark` varchar(255) CHARACTER SET utf8 COLLATE utf8_general_ci NULL DEFAULT NULL COMMENT '備註',
  `children_id` bigint(20) NULL DEFAULT NULL COMMENT '原料',
  `parent_id` bigint(20) NULL DEFAULT NULL COMMENT '膠件',
  PRIMARY KEY (`id`) USING BTREE,
  INDEX `FKk4iltk9few8svhi7uhema665n`(`children_id`) USING BTREE,
  INDEX `FKt6c9jr2s8f42cuuhgr05risdd`(`parent_id`) USING BTREE,
  CONSTRAINT `FKk4iltk9few8svhi7uhema665n` FOREIGN KEY (`children_id`) REFERENCES `t_engineering_part` (`id`) ON DELETE RESTRICT ON UPDATE RESTRICT,
  CONSTRAINT `FKt6c9jr2s8f42cuuhgr05risdd` FOREIGN KEY (`parent_id`) REFERENCES `t_engineering_part` (`id`) ON DELETE RESTRICT ON UPDATE RESTRICT
) ENGINE = InnoDB AUTO_INCREMENT = 503 CHARACTER SET = utf8 COLLATE = utf8_general_ci COMMENT = '裝配件零件關係表' ROW_FORMAT = Dynamic;

-- ----------------------------
-- Records of t_engineering_part_part
-- ----------------------------
INSERT INTO `t_engineering_part_part` VALUES (1, '1', 1, NULL, 44, 1);
INSERT INTO `t_engineering_part_part` VALUES (2, '1', NULL, NULL, 45, 44);
INSERT INTO `t_engineering_part_part` VALUES (3, '1/611', NULL, NULL, 46, 44);
INSERT INTO `t_engineering_part_part` VALUES (4, '1', 2, NULL, 47, 1);
INSERT INTO `t_engineering_part_part` VALUES (5, '1', NULL, NULL, 45, 47);
INSERT INTO `t_engineering_part_part` VALUES (6, '1/633', NULL, NULL, 46, 47);
INSERT INTO `t_engineering_part_part` VALUES (7, '1', 3, NULL, 48, 1);
INSERT INTO `t_engineering_part_part` VALUES (8, '1', NULL, NULL, 49, 48);
INSERT INTO `t_engineering_part_part` VALUES (9, '1/4717', NULL, NULL, 50, 48);
INSERT INTO `t_engineering_part_part` VALUES (10, '1', 4, NULL, 51, 1);
INSERT INTO `t_engineering_part_part` VALUES (11, '1', NULL, NULL, 49, 51);
INSERT INTO `t_engineering_part_part` VALUES (12, '1/4808', NULL, NULL, 50, 51);
INSERT INTO `t_engineering_part_part` VALUES (13, '1', 5, NULL, 52, 1);
INSERT INTO `t_engineering_part_part` VALUES (14, '1', NULL, NULL, 45, 52);
INSERT INTO `t_engineering_part_part` VALUES (15, '1/1894', NULL, NULL, 50, 52);
INSERT INTO `t_engineering_part_part` VALUES (16, '1', 6, NULL, 53, 1);
INSERT INTO `t_engineering_part_part` VALUES (17, '1', NULL, NULL, 45, 53);
INSERT INTO `t_engineering_part_part` VALUES (18, '1/3125', NULL, NULL, 50, 53);
INSERT INTO `t_engineering_part_part` VALUES (19, '1', 7, NULL, 54, 1);
INSERT INTO `t_engineering_part_part` VALUES (20, '1', NULL, NULL, 45, 54);
INSERT INTO `t_engineering_part_part` VALUES (21, '1/5000', NULL, NULL, 50, 54);
INSERT INTO `t_engineering_part_part` VALUES (22, '1', 8, NULL, 55, 1);
INSERT INTO `t_engineering_part_part` VALUES (23, '1', NULL, NULL, 45, 55);
INSERT INTO `t_engineering_part_part` VALUES (24, '1/5102', NULL, NULL, 50, 55);
INSERT INTO `t_engineering_part_part` VALUES (25, '1', 9, NULL, 56, 1);
INSERT INTO `t_engineering_part_part` VALUES (26, '1', NULL, NULL, 45, 56);
INSERT INTO `t_engineering_part_part` VALUES (27, '1/41667', NULL, NULL, 50, 56);
INSERT INTO `t_engineering_part_part` VALUES (28, '1', 10, NULL, 57, 1);
INSERT INTO `t_engineering_part_part` VALUES (29, '1', NULL, NULL, 45, 57);
INSERT INTO `t_engineering_part_part` VALUES (30, '1/125000', NULL, NULL, 50, 57);
INSERT INTO `t_engineering_part_part` VALUES (31, '1', 11, NULL, 58, 1);
INSERT INTO `t_engineering_part_part` VALUES (32, '1', NULL, NULL, 45, 58);
INSERT INTO `t_engineering_part_part` VALUES (33, '1/19231', NULL, NULL, 59, 58);
INSERT INTO `t_engineering_part_part` VALUES (34, '1', 12, NULL, 60, 1);
INSERT INTO `t_engineering_part_part` VALUES (35, '1', NULL, NULL, 45, 60);
INSERT INTO `t_engineering_part_part` VALUES (36, '1/12821', NULL, NULL, 59, 60);
INSERT INTO `t_engineering_part_part` VALUES (37, '1', 13, NULL, 61, 1);
INSERT INTO `t_engineering_part_part` VALUES (38, '1', NULL, NULL, 45, 61);
INSERT INTO `t_engineering_part_part` VALUES (39, '1/14706', NULL, NULL, 59, 61);
INSERT INTO `t_engineering_part_part` VALUES (40, '1', 14, NULL, 62, 1);
INSERT INTO `t_engineering_part_part` VALUES (41, '1', NULL, NULL, 63, 62);
INSERT INTO `t_engineering_part_part` VALUES (42, '1', 15, NULL, 64, 1);
INSERT INTO `t_engineering_part_part` VALUES (43, '1', NULL, NULL, 65, 64);
INSERT INTO `t_engineering_part_part` VALUES (44, '2', 16, NULL, 66, 1);
INSERT INTO `t_engineering_part_part` VALUES (45, '2', NULL, NULL, 65, 66);
INSERT INTO `t_engineering_part_part` VALUES (46, '1', 17, NULL, 67, 1);
INSERT INTO `t_engineering_part_part` VALUES (47, '1', NULL, NULL, 65, 67);
INSERT INTO `t_engineering_part_part` VALUES (48, '1', 18, NULL, 68, 1);
INSERT INTO `t_engineering_part_part` VALUES (49, '1', NULL, NULL, 65, 68);
INSERT INTO `t_engineering_part_part` VALUES (50, '1', 19, NULL, 69, 1);
INSERT INTO `t_engineering_part_part` VALUES (51, '1', NULL, NULL, 65, 69);
INSERT INTO `t_engineering_part_part` VALUES (52, '1', 20, NULL, 70, 1);
INSERT INTO `t_engineering_part_part` VALUES (53, '1', NULL, NULL, 65, 70);
INSERT INTO `t_engineering_part_part` VALUES (54, '1', 21, NULL, 71, 1);
INSERT INTO `t_engineering_part_part` VALUES (55, '1', NULL, NULL, 65, 71);
INSERT INTO `t_engineering_part_part` VALUES (56, '1', 1, NULL, 72, 1);
INSERT INTO `t_engineering_part_part` VALUES (57, '1', 1, NULL, 73, 1);
INSERT INTO `t_engineering_part_part` VALUES (58, '1', NULL, NULL, 74, 73);
INSERT INTO `t_engineering_part_part` VALUES (59, '0.00061', NULL, NULL, 75, 73);
INSERT INTO `t_engineering_part_part` VALUES (60, '0.00073', NULL, NULL, 76, 73);
INSERT INTO `t_engineering_part_part` VALUES (61, '1', 1, NULL, 77, 1);
INSERT INTO `t_engineering_part_part` VALUES (62, '1', NULL, NULL, 78, 77);
INSERT INTO `t_engineering_part_part` VALUES (63, '0', NULL, NULL, 79, 77);
INSERT INTO `t_engineering_part_part` VALUES (64, '0', NULL, NULL, 80, 77);
INSERT INTO `t_engineering_part_part` VALUES (65, '0', NULL, NULL, 81, 77);
INSERT INTO `t_engineering_part_part` VALUES (66, '1', 1, '連接件用', 82, 1);
INSERT INTO `t_engineering_part_part` VALUES (67, '12', 2, NULL, 83, 1);
INSERT INTO `t_engineering_part_part` VALUES (68, '1', 3, NULL, 84, 1);
INSERT INTO `t_engineering_part_part` VALUES (69, '1', 4, NULL, 85, 1);
INSERT INTO `t_engineering_part_part` VALUES (70, '1', 5, NULL, 86, 1);
INSERT INTO `t_engineering_part_part` VALUES (71, '2', 6, NULL, 87, 1);
INSERT INTO `t_engineering_part_part` VALUES (72, '1', 7, NULL, 88, 1);
INSERT INTO `t_engineering_part_part` VALUES (73, '1', 8, NULL, 89, 1);
INSERT INTO `t_engineering_part_part` VALUES (74, '1', 9, NULL, 90, 1);
INSERT INTO `t_engineering_part_part` VALUES (75, '2', 10, NULL, 91, 1);
INSERT INTO `t_engineering_part_part` VALUES (76, '1', 1, NULL, 92, 1);
INSERT INTO `t_engineering_part_part` VALUES (77, '1', 2, '焊接觸針與開關扭簧上', 93, 1);
INSERT INTO `t_engineering_part_part` VALUES (78, '70', 3, NULL, 94, 1);
INSERT INTO `t_engineering_part_part` VALUES (79, '1', 4, NULL, 95, 1);
INSERT INTO `t_engineering_part_part` VALUES (80, '0.3', 1, NULL, 96, 1);
INSERT INTO `t_engineering_part_part` VALUES (81, '0.1', 2, NULL, 97, 1);
INSERT INTO `t_engineering_part_part` VALUES (82, '0.5', 1, NULL, 98, 1);
INSERT INTO `t_engineering_part_part` VALUES (83, '1', 1, NULL, 99, 2);
INSERT INTO `t_engineering_part_part` VALUES (84, '1', NULL, NULL, 45, 99);
INSERT INTO `t_engineering_part_part` VALUES (85, '1/113514', NULL, NULL, 59, 99);
INSERT INTO `t_engineering_part_part` VALUES (86, '1', 2, NULL, 100, 2);
INSERT INTO `t_engineering_part_part` VALUES (87, '1', NULL, NULL, 45, 100);
INSERT INTO `t_engineering_part_part` VALUES (88, '1/31250', NULL, NULL, 59, 100);
INSERT INTO `t_engineering_part_part` VALUES (89, '1', 3, NULL, 101, 2);
INSERT INTO `t_engineering_part_part` VALUES (90, '1', NULL, NULL, 45, 101);
INSERT INTO `t_engineering_part_part` VALUES (91, '1/871', NULL, NULL, 50, 101);
INSERT INTO `t_engineering_part_part` VALUES (92, '1', 4, NULL, 102, 2);
INSERT INTO `t_engineering_part_part` VALUES (93, '1', NULL, NULL, 45, 102);
INSERT INTO `t_engineering_part_part` VALUES (94, '1/2155', NULL, NULL, 50, 102);
INSERT INTO `t_engineering_part_part` VALUES (95, '1', 5, NULL, 103, 2);
INSERT INTO `t_engineering_part_part` VALUES (96, '1', NULL, NULL, 45, 103);
INSERT INTO `t_engineering_part_part` VALUES (97, '1/1908', NULL, NULL, 50, 103);
INSERT INTO `t_engineering_part_part` VALUES (98, '1', 1, NULL, 105, 2);
INSERT INTO `t_engineering_part_part` VALUES (99, '1', NULL, NULL, 104, 105);
INSERT INTO `t_engineering_part_part` VALUES (100, '0.000009', NULL, NULL, 79, 105);
INSERT INTO `t_engineering_part_part` VALUES (101, '0.000009', NULL, NULL, 80, 105);
INSERT INTO `t_engineering_part_part` VALUES (102, '0.000009', NULL, NULL, 81, 105);
INSERT INTO `t_engineering_part_part` VALUES (103, '2', 1, NULL, 106, 2);
INSERT INTO `t_engineering_part_part` VALUES (104, '2', 2, NULL, 107, 2);
INSERT INTO `t_engineering_part_part` VALUES (105, '4', 3, '電池箱用', 108, 2);
INSERT INTO `t_engineering_part_part` VALUES (106, '1', 4, NULL, 109, 2);
INSERT INTO `t_engineering_part_part` VALUES (107, '1', 5, NULL, 110, 2);
INSERT INTO `t_engineering_part_part` VALUES (108, '1', 6, NULL, 111, 2);
INSERT INTO `t_engineering_part_part` VALUES (109, '1', 7, NULL, 112, 2);
INSERT INTO `t_engineering_part_part` VALUES (110, '1', 8, NULL, 113, 2);
INSERT INTO `t_engineering_part_part` VALUES (111, '2', 9, NULL, 114, 2);
INSERT INTO `t_engineering_part_part` VALUES (112, '1', 1, '電池箱負極線', 115, 2);
INSERT INTO `t_engineering_part_part` VALUES (113, '30', 2, NULL, 94, 2);
INSERT INTO `t_engineering_part_part` VALUES (114, '1', 3, NULL, 116, 2);
INSERT INTO `t_engineering_part_part` VALUES (115, '2', 1, NULL, 117, 2);
INSERT INTO `t_engineering_part_part` VALUES (116, '1', 1, NULL, 118, 4);
INSERT INTO `t_engineering_part_part` VALUES (117, '1', NULL, NULL, 45, 118);
INSERT INTO `t_engineering_part_part` VALUES (118, '1/6098', NULL, NULL, 119, 118);
INSERT INTO `t_engineering_part_part` VALUES (119, '1', 2, NULL, 120, 4);
INSERT INTO `t_engineering_part_part` VALUES (120, '1', NULL, NULL, 45, 120);
INSERT INTO `t_engineering_part_part` VALUES (121, '1/27174', NULL, NULL, 119, 120);
INSERT INTO `t_engineering_part_part` VALUES (122, '1', 1, NULL, 121, 4);
INSERT INTO `t_engineering_part_part` VALUES (123, '0.3', 1, NULL, 97, 4);
INSERT INTO `t_engineering_part_part` VALUES (124, '1', 1, NULL, 122, 3);
INSERT INTO `t_engineering_part_part` VALUES (125, '1', NULL, NULL, 45, 122);
INSERT INTO `t_engineering_part_part` VALUES (126, '7812.5', NULL, NULL, 119, 122);
INSERT INTO `t_engineering_part_part` VALUES (127, '1', 2, NULL, 120, 3);
INSERT INTO `t_engineering_part_part` VALUES (128, '1', 1, NULL, 121, 3);
INSERT INTO `t_engineering_part_part` VALUES (129, '0.3', 1, NULL, 97, 3);
INSERT INTO `t_engineering_part_part` VALUES (130, '1', 1, NULL, 123, 5);
INSERT INTO `t_engineering_part_part` VALUES (131, '1', NULL, NULL, 45, 123);
INSERT INTO `t_engineering_part_part` VALUES (132, '1/6944', NULL, NULL, 119, 123);
INSERT INTO `t_engineering_part_part` VALUES (133, '1', 2, NULL, 120, 5);
INSERT INTO `t_engineering_part_part` VALUES (134, '1', 1, NULL, 121, 5);
INSERT INTO `t_engineering_part_part` VALUES (135, '0.3', 1, NULL, 97, 5);
INSERT INTO `t_engineering_part_part` VALUES (136, '1', 1, NULL, 124, 6);
INSERT INTO `t_engineering_part_part` VALUES (137, '1', NULL, NULL, 45, 124);
INSERT INTO `t_engineering_part_part` VALUES (138, '1/7353', NULL, NULL, 119, 124);
INSERT INTO `t_engineering_part_part` VALUES (139, '1', 2, NULL, 120, 6);
INSERT INTO `t_engineering_part_part` VALUES (140, '1', 1, NULL, 121, 6);
INSERT INTO `t_engineering_part_part` VALUES (141, '0.3', 1, NULL, 97, 6);
INSERT INTO `t_engineering_part_part` VALUES (142, '1', 1, NULL, 125, 7);
INSERT INTO `t_engineering_part_part` VALUES (143, '1', NULL, NULL, 45, 125);
INSERT INTO `t_engineering_part_part` VALUES (144, '1/424', NULL, NULL, 46, 125);
INSERT INTO `t_engineering_part_part` VALUES (145, '1', 2, NULL, 126, 7);
INSERT INTO `t_engineering_part_part` VALUES (146, '1', NULL, NULL, 45, 126);
INSERT INTO `t_engineering_part_part` VALUES (147, '1/446', NULL, NULL, 46, 126);
INSERT INTO `t_engineering_part_part` VALUES (148, '1', 3, NULL, 127, 7);
INSERT INTO `t_engineering_part_part` VALUES (149, '1', NULL, NULL, 45, 127);
INSERT INTO `t_engineering_part_part` VALUES (150, '1/50000', NULL, NULL, 46, 127);
INSERT INTO `t_engineering_part_part` VALUES (151, '1', 4, NULL, 128, 7);
INSERT INTO `t_engineering_part_part` VALUES (152, '1', NULL, NULL, 45, 128);
INSERT INTO `t_engineering_part_part` VALUES (153, '1/3731', NULL, NULL, 129, 128);
INSERT INTO `t_engineering_part_part` VALUES (154, '1', 5, NULL, 130, 7);
INSERT INTO `t_engineering_part_part` VALUES (155, '1', NULL, NULL, 49, 130);
INSERT INTO `t_engineering_part_part` VALUES (156, '1', NULL, NULL, 45, 130);
INSERT INTO `t_engineering_part_part` VALUES (157, '1/5814', NULL, NULL, 129, 130);
INSERT INTO `t_engineering_part_part` VALUES (158, '1', 8, NULL, 134, 7);
INSERT INTO `t_engineering_part_part` VALUES (159, '1', NULL, NULL, 45, 134);
INSERT INTO `t_engineering_part_part` VALUES (160, '1/6757', NULL, NULL, 132, 134);
INSERT INTO `t_engineering_part_part` VALUES (161, '1', 9, NULL, 135, 7);
INSERT INTO `t_engineering_part_part` VALUES (162, '1', NULL, NULL, 136, 135);
INSERT INTO `t_engineering_part_part` VALUES (163, '1/5208', NULL, NULL, 132, 135);
INSERT INTO `t_engineering_part_part` VALUES (164, '1', 10, NULL, 137, 7);
INSERT INTO `t_engineering_part_part` VALUES (165, '1', NULL, NULL, 63, 137);
INSERT INTO `t_engineering_part_part` VALUES (166, '1/5625', NULL, NULL, 132, 137);
INSERT INTO `t_engineering_part_part` VALUES (167, '1', 11, NULL, 138, 7);
INSERT INTO `t_engineering_part_part` VALUES (168, '1', NULL, NULL, 63, 138);
INSERT INTO `t_engineering_part_part` VALUES (169, '1', 12, NULL, 139, 7);
INSERT INTO `t_engineering_part_part` VALUES (170, '1', NULL, NULL, 63, 139);
INSERT INTO `t_engineering_part_part` VALUES (171, '1', 13, NULL, 140, 7);
INSERT INTO `t_engineering_part_part` VALUES (172, '1', NULL, NULL, 45, 140);
INSERT INTO `t_engineering_part_part` VALUES (173, '1/1563', NULL, NULL, 129, 140);
INSERT INTO `t_engineering_part_part` VALUES (174, '1', 14, NULL, 141, 7);
INSERT INTO `t_engineering_part_part` VALUES (175, '1', NULL, NULL, 45, 141);
INSERT INTO `t_engineering_part_part` VALUES (176, '1/1000', NULL, NULL, 129, 141);
INSERT INTO `t_engineering_part_part` VALUES (177, '1', 15, NULL, 142, 7);
INSERT INTO `t_engineering_part_part` VALUES (178, '1', NULL, NULL, 45, 142);
INSERT INTO `t_engineering_part_part` VALUES (179, '1/735', NULL, NULL, 129, 142);
INSERT INTO `t_engineering_part_part` VALUES (180, '1', 16, NULL, 143, 7);
INSERT INTO `t_engineering_part_part` VALUES (181, '1', NULL, NULL, 45, 143);
INSERT INTO `t_engineering_part_part` VALUES (182, '1/1667', NULL, NULL, 129, 143);
INSERT INTO `t_engineering_part_part` VALUES (183, '1', 17, NULL, 144, 7);
INSERT INTO `t_engineering_part_part` VALUES (184, '1', NULL, NULL, 45, 144);
INSERT INTO `t_engineering_part_part` VALUES (185, '1/125000', NULL, NULL, 129, 144);
INSERT INTO `t_engineering_part_part` VALUES (186, '1', 18, NULL, 145, 7);
INSERT INTO `t_engineering_part_part` VALUES (187, '1', NULL, NULL, 45, 145);
INSERT INTO `t_engineering_part_part` VALUES (188, '1/1000', NULL, NULL, 129, 145);
INSERT INTO `t_engineering_part_part` VALUES (189, '1', 19, NULL, 146, 7);
INSERT INTO `t_engineering_part_part` VALUES (190, '1', NULL, NULL, 45, 146);
INSERT INTO `t_engineering_part_part` VALUES (191, '1/3247', NULL, NULL, 129, 146);
INSERT INTO `t_engineering_part_part` VALUES (192, '1', 20, NULL, 147, 7);
INSERT INTO `t_engineering_part_part` VALUES (193, '1', NULL, NULL, 45, 147);
INSERT INTO `t_engineering_part_part` VALUES (194, '1/7813', NULL, NULL, 129, 147);
INSERT INTO `t_engineering_part_part` VALUES (195, '1', 21, NULL, 148, 7);
INSERT INTO `t_engineering_part_part` VALUES (196, '1', NULL, NULL, 45, 148);
INSERT INTO `t_engineering_part_part` VALUES (197, '1/19231', NULL, NULL, 129, 148);
INSERT INTO `t_engineering_part_part` VALUES (198, '1', 22, NULL, 149, 7);
INSERT INTO `t_engineering_part_part` VALUES (199, '1', NULL, NULL, 45, 149);
INSERT INTO `t_engineering_part_part` VALUES (200, '1/35714', NULL, NULL, 129, 149);
INSERT INTO `t_engineering_part_part` VALUES (201, '1', 23, NULL, 150, 7);
INSERT INTO `t_engineering_part_part` VALUES (202, '1', NULL, NULL, 151, 150);
INSERT INTO `t_engineering_part_part` VALUES (203, '1/2660', NULL, NULL, 129, 150);
INSERT INTO `t_engineering_part_part` VALUES (204, '1', 24, NULL, 152, 7);
INSERT INTO `t_engineering_part_part` VALUES (205, '1', NULL, NULL, 151, 152);
INSERT INTO `t_engineering_part_part` VALUES (206, '1/2660', NULL, NULL, 129, 152);
INSERT INTO `t_engineering_part_part` VALUES (207, '1', 25, NULL, 153, 7);
INSERT INTO `t_engineering_part_part` VALUES (208, '1', NULL, NULL, 151, 153);
INSERT INTO `t_engineering_part_part` VALUES (209, '1/1042', NULL, NULL, 129, 153);
INSERT INTO `t_engineering_part_part` VALUES (210, '2', 26, NULL, 154, 7);
INSERT INTO `t_engineering_part_part` VALUES (211, '2', NULL, NULL, 151, 154);
INSERT INTO `t_engineering_part_part` VALUES (212, '1/41667', NULL, NULL, 129, 154);
INSERT INTO `t_engineering_part_part` VALUES (213, '1', 27, NULL, 155, 7);
INSERT INTO `t_engineering_part_part` VALUES (214, '1', NULL, NULL, 45, 155);
INSERT INTO `t_engineering_part_part` VALUES (215, '1/1786', NULL, NULL, 59, 155);
INSERT INTO `t_engineering_part_part` VALUES (216, '1', 28, NULL, 156, 7);
INSERT INTO `t_engineering_part_part` VALUES (217, '1', NULL, NULL, 45, 156);
INSERT INTO `t_engineering_part_part` VALUES (218, '1/4386', NULL, NULL, 59, 156);
INSERT INTO `t_engineering_part_part` VALUES (219, '1', 29, NULL, 157, 7);
INSERT INTO `t_engineering_part_part` VALUES (220, '1', NULL, NULL, 45, 157);
INSERT INTO `t_engineering_part_part` VALUES (221, '1/5814', NULL, NULL, 59, 157);
INSERT INTO `t_engineering_part_part` VALUES (222, '1', 30, NULL, 158, 7);
INSERT INTO `t_engineering_part_part` VALUES (223, '1', NULL, NULL, 45, 158);
INSERT INTO `t_engineering_part_part` VALUES (224, '1/20833', NULL, NULL, 59, 158);
INSERT INTO `t_engineering_part_part` VALUES (225, '1', 31, NULL, 159, 7);
INSERT INTO `t_engineering_part_part` VALUES (226, '1', NULL, NULL, 45, 159);
INSERT INTO `t_engineering_part_part` VALUES (227, '1/25000', NULL, NULL, 59, 159);
INSERT INTO `t_engineering_part_part` VALUES (228, '1', 32, NULL, 160, 7);
INSERT INTO `t_engineering_part_part` VALUES (229, '1', NULL, NULL, 45, 160);
INSERT INTO `t_engineering_part_part` VALUES (230, '1/25000', NULL, NULL, 59, 160);
INSERT INTO `t_engineering_part_part` VALUES (231, '1', 33, NULL, 161, 7);
INSERT INTO `t_engineering_part_part` VALUES (232, '1', NULL, NULL, 65, 161);
INSERT INTO `t_engineering_part_part` VALUES (233, '1', 34, NULL, 162, 7);
INSERT INTO `t_engineering_part_part` VALUES (234, '1', NULL, NULL, 65, 162);
INSERT INTO `t_engineering_part_part` VALUES (235, '1', 35, NULL, 163, 7);
INSERT INTO `t_engineering_part_part` VALUES (236, '1', NULL, NULL, 65, 163);
INSERT INTO `t_engineering_part_part` VALUES (237, '1', 36, NULL, 164, 7);
INSERT INTO `t_engineering_part_part` VALUES (238, '1', NULL, NULL, 65, 164);
INSERT INTO `t_engineering_part_part` VALUES (239, '1', 37, NULL, 165, 7);
INSERT INTO `t_engineering_part_part` VALUES (240, '1', NULL, NULL, 65, 165);
INSERT INTO `t_engineering_part_part` VALUES (241, '2', 38, NULL, 166, 7);
INSERT INTO `t_engineering_part_part` VALUES (242, '2', NULL, NULL, 65, 166);
INSERT INTO `t_engineering_part_part` VALUES (243, '1', 39, NULL, 167, 7);
INSERT INTO `t_engineering_part_part` VALUES (244, '1', NULL, NULL, 65, 167);
INSERT INTO `t_engineering_part_part` VALUES (245, '1', 40, NULL, 168, 7);
INSERT INTO `t_engineering_part_part` VALUES (246, '1', NULL, NULL, 65, 168);
INSERT INTO `t_engineering_part_part` VALUES (247, '1', 41, NULL, 169, 7);
INSERT INTO `t_engineering_part_part` VALUES (248, '1', NULL, NULL, 65, 169);
INSERT INTO `t_engineering_part_part` VALUES (249, '1', 42, NULL, 170, 7);
INSERT INTO `t_engineering_part_part` VALUES (250, '1', NULL, NULL, 65, 170);
INSERT INTO `t_engineering_part_part` VALUES (251, '1', 43, NULL, 171, 7);
INSERT INTO `t_engineering_part_part` VALUES (252, '1', NULL, NULL, 65, 171);
INSERT INTO `t_engineering_part_part` VALUES (253, '1', 44, NULL, 172, 7);
INSERT INTO `t_engineering_part_part` VALUES (254, '1', NULL, NULL, 65, 172);
INSERT INTO `t_engineering_part_part` VALUES (255, '1', 3, NULL, 177, 7);
INSERT INTO `t_engineering_part_part` VALUES (256, '1', NULL, NULL, 176, 177);
INSERT INTO `t_engineering_part_part` VALUES (257, '1', NULL, NULL, 173, 176);
INSERT INTO `t_engineering_part_part` VALUES (258, '1', NULL, NULL, 174, 173);
INSERT INTO `t_engineering_part_part` VALUES (259, '1', NULL, NULL, 175, 173);
INSERT INTO `t_engineering_part_part` VALUES (260, '1', NULL, NULL, 75, 176);
INSERT INTO `t_engineering_part_part` VALUES (261, '0.00087013', NULL, NULL, 76, 176);
INSERT INTO `t_engineering_part_part` VALUES (262, '0.00009', NULL, NULL, 79, 177);
INSERT INTO `t_engineering_part_part` VALUES (263, '0.0006', NULL, NULL, 80, 177);
INSERT INTO `t_engineering_part_part` VALUES (264, '0.00007', NULL, NULL, 178, 177);
INSERT INTO `t_engineering_part_part` VALUES (265, '1', 2, NULL, 179, 7);
INSERT INTO `t_engineering_part_part` VALUES (266, '1', NULL, NULL, 131, 179);
INSERT INTO `t_engineering_part_part` VALUES (267, '1', NULL, NULL, 45, 131);
INSERT INTO `t_engineering_part_part` VALUES (268, '1/893', NULL, NULL, 132, 131);
INSERT INTO `t_engineering_part_part` VALUES (269, '0.00009', NULL, NULL, 180, 179);
INSERT INTO `t_engineering_part_part` VALUES (270, '0.00004', NULL, NULL, 178, 179);
INSERT INTO `t_engineering_part_part` VALUES (271, '1', 3, NULL, 181, 7);
INSERT INTO `t_engineering_part_part` VALUES (272, '1', NULL, NULL, 133, 181);
INSERT INTO `t_engineering_part_part` VALUES (273, '1', NULL, NULL, 45, 133);
INSERT INTO `t_engineering_part_part` VALUES (274, '1/962', NULL, NULL, 132, 133);
INSERT INTO `t_engineering_part_part` VALUES (275, '0.00009', NULL, NULL, 180, 181);
INSERT INTO `t_engineering_part_part` VALUES (276, '0.00004', NULL, NULL, 178, 181);
INSERT INTO `t_engineering_part_part` VALUES (277, '1', 1, NULL, 182, 7);
INSERT INTO `t_engineering_part_part` VALUES (278, '3', 2, NULL, 183, 7);
INSERT INTO `t_engineering_part_part` VALUES (279, '12', 3, NULL, 108, 7);
INSERT INTO `t_engineering_part_part` VALUES (280, '23', 3, NULL, 83, 7);
INSERT INTO `t_engineering_part_part` VALUES (281, '1', 4, NULL, 184, 7);
INSERT INTO `t_engineering_part_part` VALUES (282, '6', 5, NULL, 185, 7);
INSERT INTO `t_engineering_part_part` VALUES (283, '2', 6, NULL, 186, 7);
INSERT INTO `t_engineering_part_part` VALUES (284, '1', 7, NULL, 187, 7);
INSERT INTO `t_engineering_part_part` VALUES (285, '1', 8, NULL, 188, 7);
INSERT INTO `t_engineering_part_part` VALUES (286, '1', 9, NULL, 189, 7);
INSERT INTO `t_engineering_part_part` VALUES (287, '1', 10, NULL, 190, 7);
INSERT INTO `t_engineering_part_part` VALUES (288, '1', 11, NULL, 191, 7);
INSERT INTO `t_engineering_part_part` VALUES (289, '1', 12, NULL, 192, 7);
INSERT INTO `t_engineering_part_part` VALUES (290, '1', 13, NULL, 193, 7);
INSERT INTO `t_engineering_part_part` VALUES (291, '1', 14, NULL, 194, 7);
INSERT INTO `t_engineering_part_part` VALUES (292, '1', 15, NULL, 195, 7);
INSERT INTO `t_engineering_part_part` VALUES (293, '1', 16, '側按制用', 196, 7);
INSERT INTO `t_engineering_part_part` VALUES (294, '1', 17, NULL, 197, 7);
INSERT INTO `t_engineering_part_part` VALUES (295, '1', 18, NULL, 198, 7);
INSERT INTO `t_engineering_part_part` VALUES (296, '1', 1, NULL, 199, 7);
INSERT INTO `t_engineering_part_part` VALUES (297, '1', 2, NULL, 200, 7);
INSERT INTO `t_engineering_part_part` VALUES (298, '1', 3, '共用發聲號角', 201, 7);
INSERT INTO `t_engineering_part_part` VALUES (299, '1', 4, NULL, 202, 7);
INSERT INTO `t_engineering_part_part` VALUES (300, '72', 5, NULL, 94, 7);
INSERT INTO `t_engineering_part_part` VALUES (301, '1', 6, '同#8430共用', 203, 7);
INSERT INTO `t_engineering_part_part` VALUES (302, '1', 7, NULL, 204, 7);
INSERT INTO `t_engineering_part_part` VALUES (303, '1', 8, '焊馬達上', 205, 7);
INSERT INTO `t_engineering_part_part` VALUES (304, '1', 1, '順捷', 206, 7);
INSERT INTO `t_engineering_part_part` VALUES (305, '0.5', 2, NULL, 98, 7);
INSERT INTO `t_engineering_part_part` VALUES (306, '0.2', 1, NULL, 97, 7);
INSERT INTO `t_engineering_part_part` VALUES (307, '1', 1, NULL, 207, 7);
INSERT INTO `t_engineering_part_part` VALUES (308, '1', NULL, NULL, 45, 207);
INSERT INTO `t_engineering_part_part` VALUES (309, '1/3205', NULL, NULL, 208, 207);
INSERT INTO `t_engineering_part_part` VALUES (310, '1', 1, NULL, 209, 7);
INSERT INTO `t_engineering_part_part` VALUES (311, '1', 1, NULL, 210, 7);
INSERT INTO `t_engineering_part_part` VALUES (312, '1', 1, '與#8251小型電動螺絲刀共用', 211, 7);
INSERT INTO `t_engineering_part_part` VALUES (313, '1', 1, NULL, 212, 8);
INSERT INTO `t_engineering_part_part` VALUES (314, '1', NULL, NULL, 213, 212);
INSERT INTO `t_engineering_part_part` VALUES (315, '1/962', NULL, NULL, 214, 212);
INSERT INTO `t_engineering_part_part` VALUES (316, '2', 2, NULL, 215, 8);
INSERT INTO `t_engineering_part_part` VALUES (317, '2', NULL, NULL, 45, 215);
INSERT INTO `t_engineering_part_part` VALUES (318, '1/1018', NULL, NULL, 216, 215);
INSERT INTO `t_engineering_part_part` VALUES (319, '2', 3, NULL, 217, 8);
INSERT INTO `t_engineering_part_part` VALUES (320, '2', NULL, NULL, 45, 217);
INSERT INTO `t_engineering_part_part` VALUES (321, '1/1730', NULL, NULL, 216, 217);
INSERT INTO `t_engineering_part_part` VALUES (322, '1', 1, NULL, 218, 8);
INSERT INTO `t_engineering_part_part` VALUES (323, '1', 2, NULL, 23, 8);
INSERT INTO `t_engineering_part_part` VALUES (324, '2', 1, NULL, 219, 8);
INSERT INTO `t_engineering_part_part` VALUES (325, '3', 2, '強粘性', 220, 8);
INSERT INTO `t_engineering_part_part` VALUES (326, '0.3', 1, '粘耳罩內/外殼', 97, 8);
INSERT INTO `t_engineering_part_part` VALUES (327, '1', 1, NULL, 221, 9);
INSERT INTO `t_engineering_part_part` VALUES (328, '1', NULL, NULL, 45, 221);
INSERT INTO `t_engineering_part_part` VALUES (329, '1/6944', NULL, NULL, 46, 221);
INSERT INTO `t_engineering_part_part` VALUES (330, '1', 4, NULL, 224, 9);
INSERT INTO `t_engineering_part_part` VALUES (331, '1', NULL, NULL, 45, 224);
INSERT INTO `t_engineering_part_part` VALUES (332, '1/7205', NULL, NULL, 46, 224);
INSERT INTO `t_engineering_part_part` VALUES (333, '1', 5, NULL, 225, 9);
INSERT INTO `t_engineering_part_part` VALUES (334, '1', NULL, NULL, 49, 225);
INSERT INTO `t_engineering_part_part` VALUES (335, '1/7813', NULL, NULL, 50, 225);
INSERT INTO `t_engineering_part_part` VALUES (336, '1', NULL, NULL, 226, 225);
INSERT INTO `t_engineering_part_part` VALUES (337, '1', 6, NULL, 227, 9);
INSERT INTO `t_engineering_part_part` VALUES (338, '1', NULL, NULL, 45, 227);
INSERT INTO `t_engineering_part_part` VALUES (339, '1/7576', NULL, NULL, 119, 227);
INSERT INTO `t_engineering_part_part` VALUES (340, '1', 7, NULL, 228, 9);
INSERT INTO `t_engineering_part_part` VALUES (341, '1', NULL, NULL, 45, 228);
INSERT INTO `t_engineering_part_part` VALUES (342, '1/8621', NULL, NULL, 59, 228);
INSERT INTO `t_engineering_part_part` VALUES (343, '1', 8, NULL, 229, 9);
INSERT INTO `t_engineering_part_part` VALUES (344, '1', NULL, NULL, 45, 229);
INSERT INTO `t_engineering_part_part` VALUES (345, '1/27778', NULL, NULL, 59, 229);
INSERT INTO `t_engineering_part_part` VALUES (346, '1', 9, NULL, 230, 9);
INSERT INTO `t_engineering_part_part` VALUES (347, '1', NULL, NULL, 45, 230);
INSERT INTO `t_engineering_part_part` VALUES (348, '1/1666667', NULL, NULL, 59, 230);
INSERT INTO `t_engineering_part_part` VALUES (349, '1', 10, NULL, 231, 9);
INSERT INTO `t_engineering_part_part` VALUES (350, '1', NULL, NULL, 45, 231);
INSERT INTO `t_engineering_part_part` VALUES (351, '1/250000', NULL, NULL, 59, 231);
INSERT INTO `t_engineering_part_part` VALUES (352, '1', 11, NULL, 232, 9);
INSERT INTO `t_engineering_part_part` VALUES (353, '1', NULL, NULL, 65, 232);
INSERT INTO `t_engineering_part_part` VALUES (354, '2', 12, NULL, 233, 9);
INSERT INTO `t_engineering_part_part` VALUES (355, '2', NULL, NULL, 65, 233);
INSERT INTO `t_engineering_part_part` VALUES (356, '1', 13, NULL, 234, 9);
INSERT INTO `t_engineering_part_part` VALUES (357, '1', NULL, NULL, 65, 234);
INSERT INTO `t_engineering_part_part` VALUES (358, '1', 14, NULL, 235, 9);
INSERT INTO `t_engineering_part_part` VALUES (359, '1', NULL, NULL, 65, 235);
INSERT INTO `t_engineering_part_part` VALUES (360, '1', 15, NULL, 236, 9);
INSERT INTO `t_engineering_part_part` VALUES (361, '1', NULL, NULL, 65, 236);
INSERT INTO `t_engineering_part_part` VALUES (362, '1', 16, NULL, 237, 9);
INSERT INTO `t_engineering_part_part` VALUES (363, '1', NULL, NULL, 65, 237);
INSERT INTO `t_engineering_part_part` VALUES (364, '1', 17, NULL, 238, 9);
INSERT INTO `t_engineering_part_part` VALUES (365, '1', NULL, NULL, 65, 238);
INSERT INTO `t_engineering_part_part` VALUES (366, '1', 1, NULL, 242, 9);
INSERT INTO `t_engineering_part_part` VALUES (367, '1', NULL, NULL, 240, 242);
INSERT INTO `t_engineering_part_part` VALUES (368, '1', NULL, NULL, 239, 240);
INSERT INTO `t_engineering_part_part` VALUES (369, '1', NULL, NULL, 222, 239);
INSERT INTO `t_engineering_part_part` VALUES (370, '1', NULL, NULL, 45, 222);
INSERT INTO `t_engineering_part_part` VALUES (371, '1/1592', NULL, NULL, 46, 222);
INSERT INTO `t_engineering_part_part` VALUES (372, '1', NULL, NULL, 223, 239);
INSERT INTO `t_engineering_part_part` VALUES (373, '1', NULL, NULL, 45, 223);
INSERT INTO `t_engineering_part_part` VALUES (374, '1/1712', NULL, NULL, 46, 223);
INSERT INTO `t_engineering_part_part` VALUES (375, '0.00018', NULL, NULL, 75, 240);
INSERT INTO `t_engineering_part_part` VALUES (376, '0.00045', NULL, NULL, 241, 240);
INSERT INTO `t_engineering_part_part` VALUES (377, '0.00054', NULL, NULL, 76, 240);
INSERT INTO `t_engineering_part_part` VALUES (378, '0.00018', NULL, NULL, 79, 242);
INSERT INTO `t_engineering_part_part` VALUES (379, '0.00018', NULL, NULL, 180, 242);
INSERT INTO `t_engineering_part_part` VALUES (380, '0.00027', NULL, NULL, 178, 242);
INSERT INTO `t_engineering_part_part` VALUES (381, '1', 1, NULL, 243, 9);
INSERT INTO `t_engineering_part_part` VALUES (382, '1', 2, NULL, 244, 9);
INSERT INTO `t_engineering_part_part` VALUES (383, '1', 3, '接LED燈', 245, 9);
INSERT INTO `t_engineering_part_part` VALUES (384, '1', 4, '接雞眼，開關', 246, 9);
INSERT INTO `t_engineering_part_part` VALUES (385, '1', 5, '接馬達負極及開關', 247, 9);
INSERT INTO `t_engineering_part_part` VALUES (386, '1', 6, '接馬達正極及開關', 248, 9);
INSERT INTO `t_engineering_part_part` VALUES (387, '1', 7, NULL, 249, 9);
INSERT INTO `t_engineering_part_part` VALUES (388, '1', 8, '接負極', 250, 9);
INSERT INTO `t_engineering_part_part` VALUES (389, '1', 1, '', 251, 9);
INSERT INTO `t_engineering_part_part` VALUES (390, '1', 2, '', 252, 9);
INSERT INTO `t_engineering_part_part` VALUES (391, '1', 3, NULL, 253, 9);
INSERT INTO `t_engineering_part_part` VALUES (392, '1', 4, '', 254, 9);
INSERT INTO `t_engineering_part_part` VALUES (393, '1', 5, NULL, 255, 9);
INSERT INTO `t_engineering_part_part` VALUES (394, '1', 6, NULL, 256, 9);
INSERT INTO `t_engineering_part_part` VALUES (395, '1', 7, NULL, 257, 9);
INSERT INTO `t_engineering_part_part` VALUES (396, '1', 8, NULL, 258, 9);
INSERT INTO `t_engineering_part_part` VALUES (397, '4', 9, NULL, 108, 9);
INSERT INTO `t_engineering_part_part` VALUES (398, '1', 10, NULL, 259, 9);
INSERT INTO `t_engineering_part_part` VALUES (399, '1', 11, NULL, 182, 9);
INSERT INTO `t_engineering_part_part` VALUES (400, '1', 1, NULL, 211, 9);
INSERT INTO `t_engineering_part_part` VALUES (401, '0.2', 2, NULL, 98, 9);
INSERT INTO `t_engineering_part_part` VALUES (402, '0.2', 3, '粘傳動桿蓋用', 260, 9);
INSERT INTO `t_engineering_part_part` VALUES (403, '1', 4, '貼在馬達上', 261, 9);
INSERT INTO `t_engineering_part_part` VALUES (404, '80', 5, NULL, 262, 9);
INSERT INTO `t_engineering_part_part` VALUES (405, '1', 1, NULL, 263, 10);
INSERT INTO `t_engineering_part_part` VALUES (406, '1', NULL, NULL, 45, 263);
INSERT INTO `t_engineering_part_part` VALUES (407, '1/25000', NULL, NULL, 264, 263);
INSERT INTO `t_engineering_part_part` VALUES (408, '1', 2, NULL, 265, 10);
INSERT INTO `t_engineering_part_part` VALUES (409, '1', NULL, NULL, 45, 265);
INSERT INTO `t_engineering_part_part` VALUES (410, '1/50000', NULL, NULL, 264, 265);
INSERT INTO `t_engineering_part_part` VALUES (411, '0.1', 1, NULL, 97, 10);
INSERT INTO `t_engineering_part_part` VALUES (412, '1', 1, NULL, 266, 11);
INSERT INTO `t_engineering_part_part` VALUES (413, '1', NULL, NULL, 45, 266);
INSERT INTO `t_engineering_part_part` VALUES (414, '1/15625', NULL, NULL, 264, 266);
INSERT INTO `t_engineering_part_part` VALUES (415, '1', 2, NULL, 265, 11);
INSERT INTO `t_engineering_part_part` VALUES (416, '0.1', 1, NULL, 97, 11);
INSERT INTO `t_engineering_part_part` VALUES (417, '1', 1, NULL, 267, 12);
INSERT INTO `t_engineering_part_part` VALUES (418, '1', NULL, NULL, 268, 267);
INSERT INTO `t_engineering_part_part` VALUES (419, '1/1004', NULL, NULL, 269, 267);
INSERT INTO `t_engineering_part_part` VALUES (420, '1', 2, NULL, 270, 12);
INSERT INTO `t_engineering_part_part` VALUES (421, '1', NULL, NULL, 271, 270);
INSERT INTO `t_engineering_part_part` VALUES (422, '1', 3, NULL, 272, 12);
INSERT INTO `t_engineering_part_part` VALUES (423, '1', NULL, NULL, 271, 272);
INSERT INTO `t_engineering_part_part` VALUES (424, '1', 1, NULL, 273, 12);
INSERT INTO `t_engineering_part_part` VALUES (425, '1', 2, NULL, 23, 12);
INSERT INTO `t_engineering_part_part` VALUES (426, '1', 1, NULL, 274, 12);
INSERT INTO `t_engineering_part_part` VALUES (427, '8', 2, NULL, 275, 12);
INSERT INTO `t_engineering_part_part` VALUES (428, '1', 1, NULL, 276, 13);
INSERT INTO `t_engineering_part_part` VALUES (429, '1', NULL, NULL, 45, 276);
INSERT INTO `t_engineering_part_part` VALUES (430, '1/1975', NULL, NULL, 129, 276);
INSERT INTO `t_engineering_part_part` VALUES (431, '1', 2, NULL, 277, 13);
INSERT INTO `t_engineering_part_part` VALUES (432, '1', NULL, NULL, 49, 277);
INSERT INTO `t_engineering_part_part` VALUES (433, '1', NULL, NULL, 45, 277);
INSERT INTO `t_engineering_part_part` VALUES (434, '1', 3, '需噴油移印', 278, 13);
INSERT INTO `t_engineering_part_part` VALUES (435, '1', NULL, NULL, 45, 278);
INSERT INTO `t_engineering_part_part` VALUES (436, '1/485', NULL, NULL, 46, 278);
INSERT INTO `t_engineering_part_part` VALUES (437, '1', 4, '需噴油移印', 279, 13);
INSERT INTO `t_engineering_part_part` VALUES (438, '1', NULL, NULL, 45, 279);
INSERT INTO `t_engineering_part_part` VALUES (439, '1/377', NULL, NULL, 46, 279);
INSERT INTO `t_engineering_part_part` VALUES (440, '1', 5, NULL, 280, 13);
INSERT INTO `t_engineering_part_part` VALUES (441, '1', NULL, NULL, 45, 280);
INSERT INTO `t_engineering_part_part` VALUES (442, '1/10549', NULL, NULL, 132, 280);
INSERT INTO `t_engineering_part_part` VALUES (443, '1', 6, NULL, 281, 13);
INSERT INTO `t_engineering_part_part` VALUES (444, '1', NULL, NULL, 45, 281);
INSERT INTO `t_engineering_part_part` VALUES (445, '1/20833', NULL, NULL, 132, 281);
INSERT INTO `t_engineering_part_part` VALUES (446, '1', 7, NULL, 282, 13);
INSERT INTO `t_engineering_part_part` VALUES (447, '1', NULL, NULL, 45, 282);
INSERT INTO `t_engineering_part_part` VALUES (448, '1/1478', NULL, NULL, 132, 282);
INSERT INTO `t_engineering_part_part` VALUES (449, '1', 8, NULL, 283, 13);
INSERT INTO `t_engineering_part_part` VALUES (450, '1', NULL, NULL, 63, 283);
INSERT INTO `t_engineering_part_part` VALUES (451, '1/3608', NULL, NULL, 132, 283);
INSERT INTO `t_engineering_part_part` VALUES (452, '1', 9, NULL, 284, 13);
INSERT INTO `t_engineering_part_part` VALUES (453, '1', NULL, NULL, 63, 284);
INSERT INTO `t_engineering_part_part` VALUES (454, '1/26596', NULL, NULL, 132, 284);
INSERT INTO `t_engineering_part_part` VALUES (455, '1', 10, NULL, 285, 13);
INSERT INTO `t_engineering_part_part` VALUES (456, '1', NULL, NULL, 45, 285);
INSERT INTO `t_engineering_part_part` VALUES (457, '1/4000', NULL, NULL, 59, 285);
INSERT INTO `t_engineering_part_part` VALUES (458, '1', 11, NULL, 286, 13);
INSERT INTO `t_engineering_part_part` VALUES (459, '1', NULL, NULL, 45, 286);
INSERT INTO `t_engineering_part_part` VALUES (460, '1/53191', NULL, NULL, 59, 286);
INSERT INTO `t_engineering_part_part` VALUES (461, '1', 12, NULL, 287, 13);
INSERT INTO `t_engineering_part_part` VALUES (462, '1', NULL, NULL, 45, 287);
INSERT INTO `t_engineering_part_part` VALUES (463, '1/26316', NULL, NULL, 59, 287);
INSERT INTO `t_engineering_part_part` VALUES (464, '1', 13, NULL, 288, 13);
INSERT INTO `t_engineering_part_part` VALUES (465, '1', NULL, NULL, 45, 288);
INSERT INTO `t_engineering_part_part` VALUES (466, '1/12438', NULL, NULL, 59, 288);
INSERT INTO `t_engineering_part_part` VALUES (467, '1', 14, NULL, 289, 13);
INSERT INTO `t_engineering_part_part` VALUES (468, '1', NULL, NULL, 45, 289);
INSERT INTO `t_engineering_part_part` VALUES (469, '1/5198', NULL, NULL, 59, 289);
INSERT INTO `t_engineering_part_part` VALUES (470, '1', 15, '需移印', 290, 13);
INSERT INTO `t_engineering_part_part` VALUES (471, '1', NULL, NULL, 45, 290);
INSERT INTO `t_engineering_part_part` VALUES (472, '1/3255', NULL, NULL, 46, 290);
INSERT INTO `t_engineering_part_part` VALUES (473, '1', 16, NULL, 291, 13);
INSERT INTO `t_engineering_part_part` VALUES (474, '1', NULL, NULL, 45, 291);
INSERT INTO `t_engineering_part_part` VALUES (475, '1/12500', NULL, NULL, 46, 291);
INSERT INTO `t_engineering_part_part` VALUES (476, '1', 17, NULL, 292, 13);
INSERT INTO `t_engineering_part_part` VALUES (477, '1', NULL, NULL, 45, 292);
INSERT INTO `t_engineering_part_part` VALUES (478, '1/178571', NULL, NULL, 46, 292);
INSERT INTO `t_engineering_part_part` VALUES (479, '1', 18, NULL, 293, 13);
INSERT INTO `t_engineering_part_part` VALUES (480, '1', NULL, NULL, 45, 293);
INSERT INTO `t_engineering_part_part` VALUES (481, '1/58140', NULL, NULL, 46, 293);
INSERT INTO `t_engineering_part_part` VALUES (482, '1', 19, NULL, 294, 13);
INSERT INTO `t_engineering_part_part` VALUES (483, '1', NULL, NULL, 45, 294);
INSERT INTO `t_engineering_part_part` VALUES (484, '1/250000', NULL, NULL, 46, 294);
INSERT INTO `t_engineering_part_part` VALUES (485, '1', 20, NULL, 295, 13);
INSERT INTO `t_engineering_part_part` VALUES (486, '1', NULL, NULL, 45, 295);
INSERT INTO `t_engineering_part_part` VALUES (487, '1/67568', NULL, NULL, 46, 295);
INSERT INTO `t_engineering_part_part` VALUES (488, '1', 21, NULL, 296, 13);
INSERT INTO `t_engineering_part_part` VALUES (489, '1', NULL, NULL, 45, 296);
INSERT INTO `t_engineering_part_part` VALUES (490, '1/4448', NULL, NULL, 129, 296);
INSERT INTO `t_engineering_part_part` VALUES (491, '1', 22, NULL, 297, 13);
INSERT INTO `t_engineering_part_part` VALUES (492, '1', NULL, NULL, 45, 297);
INSERT INTO `t_engineering_part_part` VALUES (493, '1/1773', NULL, NULL, 129, 297);
INSERT INTO `t_engineering_part_part` VALUES (494, '1', 23, NULL, 298, 13);
INSERT INTO `t_engineering_part_part` VALUES (495, '1', NULL, NULL, 45, 298);
INSERT INTO `t_engineering_part_part` VALUES (496, '1/53191', NULL, NULL, 129, 298);
INSERT INTO `t_engineering_part_part` VALUES (497, '1', 24, NULL, 299, 13);
INSERT INTO `t_engineering_part_part` VALUES (498, '1', NULL, NULL, 65, 299);
INSERT INTO `t_engineering_part_part` VALUES (499, '1', 25, NULL, 300, 13);
INSERT INTO `t_engineering_part_part` VALUES (500, '1', NULL, NULL, 65, 300);
INSERT INTO `t_engineering_part_part` VALUES (501, '1', 26, NULL, 301, 13);
INSERT INTO `t_engineering_part_part` VALUES (502, '1', NULL, NULL, 65, 301);

-- ----------------------------
-- Table structure for t_engineering_part_step
-- ----------------------------
DROP TABLE IF EXISTS `t_engineering_part_step`;
CREATE TABLE `t_engineering_part_step`  (
  `id` bigint(20) NOT NULL AUTO_INCREMENT,
  `attaction` varchar(255) CHARACTER SET utf8 COLLATE utf8_general_ci NULL DEFAULT NULL COMMENT '品質注意事項',
  `lds` decimal(10, 2) NULL DEFAULT NULL COMMENT 'lds',
  `nature` varchar(255) CHARACTER SET utf8 COLLATE utf8_general_ci NULL DEFAULT NULL COMMENT '物料性質',
  `order_index` int(11) NULL DEFAULT NULL COMMENT 'order_index',
  `perlds` decimal(10, 2) NULL DEFAULT NULL COMMENT 'lds/worker',
  `process` varchar(255) CHARACTER SET utf8 COLLATE utf8_general_ci NULL DEFAULT NULL COMMENT '工藝：包裝、裝配',
  `station` varchar(255) CHARACTER SET utf8 COLLATE utf8_general_ci NULL DEFAULT NULL COMMENT '工位',
  `step` varchar(255) CHARACTER SET utf8 COLLATE utf8_general_ci NULL DEFAULT NULL COMMENT 'step',
  `tool` varchar(255) CHARACTER SET utf8 COLLATE utf8_general_ci NULL DEFAULT NULL COMMENT '夾具類別',
  `tool_number` varchar(255) CHARACTER SET utf8 COLLATE utf8_general_ci NULL DEFAULT NULL COMMENT '夾具用量',
  `type` varchar(255) CHARACTER SET utf8 COLLATE utf8_general_ci NULL DEFAULT NULL COMMENT '裝配類別',
  `worker` decimal(10, 2) NULL DEFAULT NULL COMMENT 'worker',
  `part_id` bigint(20) NULL DEFAULT NULL COMMENT '光身',
  PRIMARY KEY (`id`) USING BTREE,
  INDEX `FKex1qdprdydju8vshut61pgkio`(`part_id`) USING BTREE,
  CONSTRAINT `FKex1qdprdydju8vshut61pgkio` FOREIGN KEY (`part_id`) REFERENCES `t_engineering_part` (`id`) ON DELETE RESTRICT ON UPDATE RESTRICT
) ENGINE = InnoDB AUTO_INCREMENT = 199 CHARACTER SET = utf8 COLLATE = utf8_general_ci COMMENT = '光身-排位表' ROW_FORMAT = Dynamic;

-- ----------------------------
-- Records of t_engineering_part_step
-- ----------------------------
INSERT INTO `t_engineering_part_step` VALUES (1, '測試架接上可調式穩壓電源,將#8567-2 PCB板放入測試架的坑內,開關在上,將快速夾壓下,再將兩條橙色線夾在紅色夾子內,打開測試架上的電源開關,白色LED會亮,再用手撥動快速夾下的開關能正轉和反轉,再用手撥動另一個開關能有快速和慢速轉換,快速時電流小於200mA,慢速時電流小於140mA.', 10.00, '電子', 1, 10.00, NULL, NULL, 'PCB連燈線測試', '測試架', '1SET', '大身半品裝配', 1.00, 1);
INSERT INTO `t_engineering_part_step` VALUES (2, '將C形圈有兩頂針印面朝上,放入轉動頭連接件,之后拿起轉動頭套入轉動頭連接件並對準三個螺絲孔.', 10.00, '啤件', 2, 10.00, NULL, NULL, 'C形圈裝入轉動頭', NULL, NULL, '大身半品裝配', 1.00, 1);
INSERT INTO `t_engineering_part_step` VALUES (3, '打3粒2.6X8PB螺絲,電批力度調到3KGF/CM,中速', 10.00, '五金+啤件', 3, 10.00, NULL, NULL, '打螺絲固定轉動頭連接件', '底模', '1PC', '大身半品裝配', 1.00, 1);
INSERT INTO `t_engineering_part_step` VALUES (4, '對準位后打一粒3X8PB螺絲,電批力度調到4.5~5KGF/CM,中速', 10.00, '五金+啤件', 4, 10.00, NULL, NULL, '連接件牙仔裝上連接件', '底模', '1PC', '大身半品裝配', 1.00, 1);
INSERT INTO `t_engineering_part_step` VALUES (5, '將大身拆開成左右兩件,將響片裝在大身左相應坑內,響片有斜角位朝右並朝下,裝到位之后用平頭電烙鐵將左邊及中間位熱燙固定', 24.00, '啤件', 5, 12.00, NULL, NULL, '拆大身裝響片', NULL, NULL, '大身半品裝配', 2.00, 1);
INSERT INTO `t_engineering_part_step` VALUES (6, '將馬達牙有齒端放入底模針上,將馬達啤入,啤好后馬達軸與牙仔面平齊', 10.00, '電子+啤件', 6, 10.00, NULL, NULL, '馬達牙啤入馬達', '上攻+底模', '1SET', '大身半品裝配', 1.00, 1);
INSERT INTO `t_engineering_part_step` VALUES (7, '馬達牙朝前面,在馬達兩銅片正面上加錫后將黃線焊右邊,蘭線焊左邊.用40瓦電烙鐵,溫度調到300度,電烙鐵在銅片上停留時間不能超過2秒', 12.00, '電子', 7, 12.00, NULL, NULL, '馬達加錫焊線', NULL, NULL, '大身半品裝配', 1.00, 1);
INSERT INTO `t_engineering_part_step` VALUES (8, '先將兩導電針大頭放入針盒,再將兩彈簧從導電針小頭放入,之后對準針盒蓋的兩孔,將針盒蓋蓋上並壓到位.', 24.00, '五金+啤件', 8, 12.00, NULL, NULL, '導電針與針盒組裝', NULL, NULL, '大身半品裝配', 2.00, 1);
INSERT INTO `t_engineering_part_step` VALUES (9, '將蓋好針盒蓋的針盒分清方向放入底模內,用手啤冷沖針盒的四柱固定緊針盒蓋.', 10.00, '啤件', 9, 10.00, NULL, NULL, '冷沖固定針盒蓋', '上攻+底模', '1SET', '大身半品裝配', 1.00, 1);
INSERT INTO `t_engineering_part_step` VALUES (10, '在開關扭簧的短的尾端加錫,並將80mm長的紅電線焊在上面', 10.00, '電子+五金', 10, 10.00, NULL, NULL, '開關扭簧加錫焊線', NULL, NULL, '大身半品裝配', 1.00, 1);
INSERT INTO `t_engineering_part_step` VALUES (11, '將導電針盒大平全部面朝前面,一排過,先在導電針尾部加錫,電線需與導電針呈90度直角,右邊焊紅線左邊焊黑線.用40瓦電烙鐵,溫度調到300度,電烙鐵在導電針上停留不可超過2秒.', 20.00, '電子+五金', 11, 10.00, NULL, NULL, '導電針加錫焊線', '鋁底模', '2PCS', '大身半品裝配', 2.00, 1);
INSERT INTO `t_engineering_part_step` VALUES (12, '先將雞眼套入上攻,啤入大身司筒內雞眼頂到司筒柱底尺寸為14.5正負0.2mm', 10.00, '五金+啤件', 12, 10.00, NULL, NULL, '雞眼啤入大身左', '上攻+底模', '1SET', '大身半品裝配', 1.00, 1);
INSERT INTO `t_engineering_part_step` VALUES (13, '先在雞眼頂部加錫,之后將兩橙色線焊在雞眼頂部,焊好后錫點到柱底尺寸不可超過15.5mm,用40瓦電烙鐵,溫度調到300度,電烙鐵在雞眼上停留不可超過2秒.', 12.00, '電子', 13, 12.00, NULL, NULL, '雞眼加錫焊線', NULL, NULL, '大身半品裝配', 1.00, 1);
INSERT INTO `t_engineering_part_step` VALUES (14, '將開關扭簧裝上大身司筒柱上,扭簧長的那端朝開關位,打一粒2.6X6 PWB，D8的介子頭螺絲', 10.00, '五金+啤件', 14, 10.00, NULL, NULL, '開關扭簧裝上大身左', '底模', '1PC', '大身半品裝配', 1.00, 1);
INSERT INTO `t_engineering_part_step` VALUES (15, '將馬達及變速開關板裝入大身左相應位置並裝到位.', 12.00, '電子+啤件', 15, 12.00, NULL, NULL, '馬達及變速開關板裝上大身左', NULL, NULL, '大身半品裝配', 1.00, 1);
INSERT INTO `t_engineering_part_step` VALUES (16, '將所有電線中間部份用0.5\"寬皺紋膠紙包一圈包起來，以防電線散亂', 10.00, '電子', 16, 10.00, NULL, NULL, '電線綁皺紋膠紙', NULL, NULL, '大身半品裝配', 1.00, 1);
INSERT INTO `t_engineering_part_step` VALUES (17, '換向制大缺口朝四條電線方向,板放在大身相應坑內,裝到位,四條最線從兩內骨位出來.', 20.00, '電子+啤件', 17, 10.00, NULL, NULL, '換向制及正反轉開關板裝上大身左', NULL, NULL, '大身半品裝配', 2.00, 1);
INSERT INTO `t_engineering_part_step` VALUES (18, '將透明燈罩裝入大身相應位置並打MEK膠水固定', 12.00, '啤件', 18, 12.00, NULL, NULL, '透明燈罩裝入大身左', NULL, NULL, '大身半品裝配', 1.00, 1);
INSERT INTO `t_engineering_part_step` VALUES (19, '將所有電線整理整齊,不能在司筒柱上面及不能碰到任何齒輪,之后將加減速開關旁的一柱及馬達下方的一柱熱燙固定電線', 36.00, '電子', 19, 12.00, NULL, NULL, '佈線/熱湯柱子', NULL, NULL, '大身半品裝配', 3.00, 1);
INSERT INTO `t_engineering_part_step` VALUES (20, '先將LED裝入透明燈罩下方的卡位內,再將導電針盒裝到位', 11.00, '電子', 20, 11.00, NULL, NULL, '裝導電針盒及LED燈', NULL, NULL, '大身半品裝配', 1.00, 1);
INSERT INTO `t_engineering_part_step` VALUES (21, '先將大身拆件左裝入大身左,之后將轉動頭及轉速制裝入大身拆件左內再盒上大身拆件右', 22.00, '啤件', 21, 11.00, NULL, NULL, '裝大身拆件左/右及轉動頭', '底模', '2PCS', '大身半品裝配', 2.00, 1);
INSERT INTO `t_engineering_part_step` VALUES (22, '打兩粒2.6X8PB螺絲,電批力度調到3KGF/CM,中速', 10.00, '五金', 22, 10.00, NULL, NULL, '大身拆件打螺絲', '底模', '1PC', '大身半品裝配', 1.00, 1);
INSERT INTO `t_engineering_part_step` VALUES (23, '先將離合牙有8邊形的面在上,放入底模,之后將搓花軸長的部分裝在上攻孔內,啤下去,啤好后軸尾部到牙仔距離為12正負0.1mm.', 20.00, '五金+啤件', 23, 10.00, NULL, NULL, '搓花軸啤入離合牙', '上攻+底模', '1SET', '大身半品裝配', 2.00, 1);
INSERT INTO `t_engineering_part_step` VALUES (24, '將極離子的花瓣位蘸齒輪油后裝入離盒牙,之后再將雙層齒套入搓花軸內.', 10.00, '五金', 24, 10.00, NULL, NULL, '牙仔裝入已啤好搓花軸的離盒牙', NULL, NULL, '大身半品裝配', 1.00, 1);
INSERT INTO `t_engineering_part_step` VALUES (25, '將光軸穿入雙層牙放在馬達牙前方,再將離合牙放入相應坑位內', 12.00, '啤件', 25, 12.00, NULL, NULL, '所有牙仔裝入大身左', NULL, NULL, '大身半品裝配', 1.00, 1);
INSERT INTO `t_engineering_part_step` VALUES (26, '所有牙仔上及放軸的坑位都用毛筆擦上齒輪油', 12.00, '輔料', 26, 12.00, NULL, NULL, '打齒輪油', NULL, NULL, '大身半品裝配', 1.00, 1);
INSERT INTO `t_engineering_part_step` VALUES (27, '先將開關壓簧放入開關制內,之后將開關制裝入大身右,同時看清楚所有電線不可在司筒柱上面及所有電線不可碰到齒輪,再合上大身右.', 36.00, '啤件+五金', 27, 12.00, NULL, NULL, '裝開關制合大身右', '底模', '3PCS', '大身半品裝配', 3.00, 1);
INSERT INTO `t_engineering_part_step` VALUES (28, '打7粒2.6X8PB螺絲,電批力度調到3KGF/CM,中速', 20.00, '五金', 28, 10.00, NULL, NULL, '大身打螺絲', '底模', '2PCS', '大身半品裝配', 2.00, 1);
INSERT INTO `t_engineering_part_step` VALUES (29, '用穩壓電源,4.5V DC,有快慢速檔功能,有正反轉功能,當快速檔時正常工作電流小於250mA,卡死時有離盒聲且電流小於600mA,燈會亮.', 12.00, '裝配半品', 29, 12.00, NULL, NULL, '試功能', NULL, NULL, '大身半品裝配', 1.00, 1);
INSERT INTO `t_engineering_part_step` VALUES (30, '用洗面水清潔產品ABS料表面,特別是左右側BOSCH Logo位,橡膠位不能清潔', 12.00, '裝配半品', 30, 12.00, NULL, NULL, '清洁產品', NULL, NULL, '大身半品裝配', 1.00, 1);
INSERT INTO `t_engineering_part_step` VALUES (31, '檢查有否漏配件或漏打螺絲,用小膠盆平躺正反對調排盆,盆底需放一張拷貝紙,每盆只能放一層.', 12.00, '裝配半品', 31, 12.00, NULL, NULL, '檢查/排盆', NULL, NULL, '大身半品裝配', 1.00, 1);
INSERT INTO `t_engineering_part_step` VALUES (32, '4塊不同的電池片分別裝入電池箱,有彈弓的為負極', 18.00, '五金+啤件', 1, 9.00, NULL, NULL, '電池片裝入電池箱', NULL, NULL, '電池箱半品裝配', 2.00, 2);
INSERT INTO `t_engineering_part_step` VALUES (33, '將四電池片壓到位,四腳向內彎', 8.00, '五金+啤件', 2, 8.00, NULL, NULL, '啤緊/壓彎四塊電池片的腳', '上攻+底模', '1SET', '電池箱半品裝配', 1.00, 2);
INSERT INTO `t_engineering_part_step` VALUES (34, '在有孔的兩電池片腳上加錫,用40瓦電烙鐵,溫度調到300度,電烙鐵在電池池片上停留時間不能超過2秒', 8.00, '輔料', 3, 8.00, NULL, NULL, '正負極電池片腳加錫', '恆溫電烙鐵', '1PC', '電池箱半品裝配', 1.00, 2);
INSERT INTO `t_engineering_part_step` VALUES (35, '在接觸片的孔位加錫,錫點直徑不可超過2mm.黑色電線應與接觸片成90度角焊', 9.00, '五金+電子', 4, 9.00, NULL, NULL, '電池箱接觸片加錫焊線', NULL, NULL, '電池箱半品裝配', 1.00, 2);
INSERT INTO `t_engineering_part_step` VALUES (36, '在接觸片的正面的孔位加錫,錫點直徑不可超過2mm.PTC一腳應與接觸片成90度角焊', 9.00, '五金+電子', 5, 9.00, NULL, NULL, '電池箱接觸片加錫焊PTC', NULL, NULL, '電池箱半品裝配', 1.00, 2);
INSERT INTO `t_engineering_part_step` VALUES (37, '黑色電線焊在正極片腳上,PTC的另一腳焊負極片腳上,用40瓦電O烙鐵,溫度調到300度,電烙鐵在電池池片上停留時間不能超過2秒,同時小心烙鐵不可燙傷膠件.', 10.00, '五金+電子', 6, 10.00, NULL, NULL, '黑色電線及PTC焊上電池片', '恆溫電烙鐵', '1PC', '電池箱半品裝配', 1.00, 2);
INSERT INTO `t_engineering_part_step` VALUES (38, '將兩接觸片裝在相應的坑內並將電線及PTC膠佈好,再用夾具將兩接觸片固定實', 20.00, '五金+啤件', 7, 10.00, NULL, NULL, '接觸片裝入電池箱並固定', '上攻+底模', '1SET', '電池箱半品裝配', 2.00, 2);
INSERT INTO `t_engineering_part_step` VALUES (39, '將電池箱按制分清方向裝入電池箱,之后再將彈弓放入並放到位.', 10.00, '五金+啤件', 8, 10.00, NULL, NULL, '電池箱按制及彈弓裝入電池箱', NULL, NULL, '電池箱半品裝配', 1.00, 2);
INSERT INTO `t_engineering_part_step` VALUES (40, '將兩個M2.6的機牙螺母用攝子夾起放入相應的兩孔內', 9.00, '五金+啤件', 9, 9.00, NULL, NULL, '螺母放入電池箱', '攝子', '1把', '電池箱半品裝配', 1.00, 2);
INSERT INTO `t_engineering_part_step` VALUES (41, '先將電池箱鎖扣套入按制及電池箱的骨並將按制向下拉,之后再將電池箱面裝入電池箱', 20.00, '啤件', 10, 10.00, NULL, NULL, '電池箱鎖扣及電池箱面裝入電池箱', NULL, NULL, '電池箱半品裝配', 2.00, 2);
INSERT INTO `t_engineering_part_step` VALUES (42, '打4粒2.6X6PB螺絲,電批力度調到3KGF/CM,中速', 16.00, '五金', 11, 8.00, NULL, NULL, '打螺絲固定電池箱面', '電批', '1把', '電池箱半品裝配', 2.00, 2);
INSERT INTO `t_engineering_part_step` VALUES (43, '放三粒\"AA\"電池在電池箱內,用一個大身的半成品裝入電池箱內按下大身的按制能通電到大身半品即OK,', 10.00, '半成品', 12, 10.00, NULL, NULL, '試功能', NULL, NULL, '電池箱半品裝配', 1.00, 2);
INSERT INTO `t_engineering_part_step` VALUES (44, '先將PET介子放入電池箱兩水泡孔內,再蓋上電池蓋並打2粒2.6X8PM3/8機牙螺絲,電批力度調到3KGF/CM,中速整齊排小膠盆,每層放一張硬紙皮.', 20.00, '五金+啤件', 13, 10.00, NULL, NULL, '電池蓋打螺絲排盆', '電批', '2把', '電池箱半品裝配', 2.00, 2);
INSERT INTO `t_engineering_part_step` VALUES (45, '鐵軸方向不能裝反', 8.00, '膠件+五金', 1, 8.00, NULL, '(       )', '刀頭配件啤鐵軸', NULL, NULL, '刀頭裝配', 1.00, 3);
INSERT INTO `t_engineering_part_step` VALUES (46, '需打夠膠水/要裝到位', 14.00, '外購+啤件', 2, 7.00, NULL, '(       )', '平頭刀頭打MEK膠水/裝刀頭配件', '針筒', '1', '刀頭裝配', 2.00, 3);
INSERT INTO `t_engineering_part_step` VALUES (47, '需要超緊,不能超花膠件', 6.00, '半成品', 3, 6.00, NULL, '(       )', '超聲', '超聲機', '1', '刀頭裝配', 1.00, 3);
INSERT INTO `t_engineering_part_step` VALUES (48, '鐵軸方向不能裝反', 8.00, '膠件+五金', 1, 8.00, NULL, NULL, '刀頭配件啤鐵軸', NULL, NULL, '刀頭裝配', 1.00, 4);
INSERT INTO `t_engineering_part_step` VALUES (49, '需打夠膠水/要裝到位', 14.00, '外購+啤件', 2, 7.00, NULL, NULL, '圓形刀頭打MEK膠水/裝刀頭配件', '針筒', '1', '刀頭裝配', 2.00, 4);
INSERT INTO `t_engineering_part_step` VALUES (50, '需要超緊,不能超花膠件', 6.00, '半成品', 3, 6.00, NULL, NULL, '超聲', '超聲機', '1', '刀頭裝配', 1.00, 4);
INSERT INTO `t_engineering_part_step` VALUES (51, '鐵軸方向不能裝反', 8.00, '膠件+五金', 1, 8.00, NULL, NULL, '刀頭配件啤鐵軸', NULL, NULL, '刀頭裝配', 1.00, 5);
INSERT INTO `t_engineering_part_step` VALUES (52, '需打夠膠水/要裝到位', 14.00, '外購+啤件', 2, 7.00, NULL, NULL, '圓形刀頭打MEK膠水/裝刀頭配件', '針筒', '1', '刀頭裝配', 2.00, 5);
INSERT INTO `t_engineering_part_step` VALUES (53, '需要超緊,不能超花膠件', 6.00, '半成品', 3, 6.00, NULL, NULL, '超聲', '超聲機', '1', '刀頭裝配', 1.00, 5);
INSERT INTO `t_engineering_part_step` VALUES (54, '鐵軸方向不能裝反', 8.00, '膠件+五金', 1, 8.00, NULL, NULL, '刀頭配件啤鐵軸', NULL, NULL, '刀頭裝配', 1.00, 6);
INSERT INTO `t_engineering_part_step` VALUES (55, '需打夠膠水/要裝到位', 14.00, '外購+啤件', 2, 7.00, NULL, NULL, '圓形刀頭打MEK膠水/裝刀頭配件', '針筒', '1', '刀頭裝配', 2.00, 6);
INSERT INTO `t_engineering_part_step` VALUES (56, '需要超緊,不能超花膠件', 6.00, '半成品', 3, 6.00, NULL, NULL, '超聲', '超聲機', '1', '刀頭裝配', 1.00, 6);
INSERT INTO `t_engineering_part_step` VALUES (57, '1個大滑輪,2個小滑輪,鋸鏈齒,極離子分別放入鋸片左的相應位置.', 18.00, '啤件+移印件', 1, 9.00, NULL, NULL, '五個POM件裝入鋸片左', NULL, NULL, '鋸片/牙箱/電池箱裝配工序', 2.00, 7);
INSERT INTO `t_engineering_part_step` VALUES (58, '將鋸片左放入底模,再將鋸鏈裝入大滑輪及鋸鏈齒上並蓋好鋸片右', 27.00, '啤件+移印件', 2, 9.00, NULL, NULL, '鋸鏈及鋸片組裝', '底模', '3個', '鋸片/牙箱/電池箱裝配工序', 3.00, 7);
INSERT INTO `t_engineering_part_step` VALUES (59, '打3個2.6X4加硬PB螺絲,不可打批螺絲頭,要慢速', 12.00, '裝配半品', 3, 12.00, NULL, NULL, '鋸片打螺絲排盆', '底模', '1個', '鋸片/牙箱/電池箱裝配工序', 1.00, 7);
INSERT INTO `t_engineering_part_step` VALUES (60, '啤入后短軸端離牙4.7正負0.1mm', 9.00, '五金+啤件', 4, 9.00, NULL, NULL, '大單搓花軸啤入鋸鏈齒', '上攻+底模', '1SET', '鋸片/牙箱/電池箱裝配工序', 1.00, 7);
INSERT INTO `t_engineering_part_step` VALUES (61, '啤入后軸端離六角軸端位6.7正負0.1mm', 9.00, '五金+啤件', 5, 9.00, NULL, NULL, '大單搓花軸啤入六角軸', '上攻+底模', '1SET', '鋸片/牙箱/電池箱裝配工序', 1.00, 7);
INSERT INTO `t_engineering_part_step` VALUES (62, '長光軸端啤入，軸離牙7mm正負0.1mm', 9.00, '五金+啤件', 6, 9.00, NULL, NULL, '豬腸牙啤入雙搓花軸', '上攻+底模', '1SET', '鋸片/牙箱/電池箱裝配工序', 1.00, 7);
INSERT INTO `t_engineering_part_step` VALUES (63, '短光軸端啤入，軸離牙3mm正負0.1mm', 9.00, '五金+啤件', 7, 9.00, NULL, NULL, '馬達傳動牙啤入雙搓花軸', '上攻+底模', '1SET', '鋸片/牙箱/電池箱裝配工序', 1.00, 7);
INSERT INTO `t_engineering_part_step` VALUES (64, '牙仔光身部份朝馬達軸,啤入后馬達軸高出牙仔面0.5mm', 9.00, '電子+啤件', 8, 9.00, NULL, NULL, '馬達牙啤入馬達', '上攻+底模', '1SET', '鋸片/牙箱/電池箱裝配工序', 1.00, 7);
INSERT INTO `t_engineering_part_step` VALUES (65, '先將104瓷片電容的兩腳穿入馬達的兩電刷孔內,腳露出電刷孔約2mm,之后加錫焊實', 12.00, '電子', 9, 12.00, NULL, NULL, '馬達加電容並焊錫', NULL, NULL, '鋸片/牙箱/電池箱裝配工序', 1.00, 7);
INSERT INTO `t_engineering_part_step` VALUES (66, '先將兩啤好牙仔的軸裝入牙箱底,再將焊好電容的馬達裝入牙箱底,並在所有牙仔及串有豬腸牙的鐵軸兩端打齒輪油,再蓋好牙箱面.', 50.00, '電子+啤件', 10, 10.00, NULL, NULL, '牙箱組裝', NULL, NULL, '鋸片/牙箱/電池箱裝配工序', 5.00, 7);
INSERT INTO `t_engineering_part_step` VALUES (67, '打兩粒2.6X8PB螺絲', 10.00, '五金+啤件', 11, 10.00, NULL, NULL, '牙箱打螺絲', '底模', '1個', '鋸片/牙箱/電池箱裝配工序', 1.00, 7);
INSERT INTO `t_engineering_part_step` VALUES (68, '4.5VDC,放上測試架,工作電流在200mA以內', 12.00, '半成品', 12, 12.00, NULL, NULL, '牙箱試功能排盆', '測試架', '1個', '鋸片/牙箱/電池箱裝配工序', 1.00, 7);
INSERT INTO `t_engineering_part_step` VALUES (69, 'M3.0螺母放入電池箱六角坑內,螺母蓋蘸上MEK之后裝到位.', 12.00, '五金+啤件', 13, 12.00, NULL, NULL, '螺母及螺母蓋裝入電池箱', NULL, NULL, '鋸片/牙箱/電池箱裝配工序', 1.00, 7);
INSERT INTO `t_engineering_part_step` VALUES (70, '每人裝兩塊電池片,無彈簧位為正極對應電池箱內的曬字\"+\"符號.裝入一半', 20.00, '啤件+五金', 14, 10.00, NULL, NULL, '4電池片裝入電池箱', NULL, NULL, '鋸片/牙箱/電池箱裝配工序', 2.00, 7);
INSERT INTO `t_engineering_part_step` VALUES (71, '電池片啤到位，電池片的四個腳向外彎', 12.00, '啤件+五金', 15, 12.00, NULL, NULL, '啤彎電池片腳', '上攻+底模', '1SET', '鋸片/牙箱/電池箱裝配工序', 1.00, 7);
INSERT INTO `t_engineering_part_step` VALUES (72, '先將PTC的一支腳插入正極片的孔內,黑色電線的3mm長上錫部份插入負極片的孔內,之后在正極片與負極片加錫焊實電線與PTC.', 12.00, '啤件+五金', 16, 12.00, NULL, NULL, '電池片加錫及焊PTC', NULL, NULL, '鋸片/牙箱/電池箱裝配工序', 1.00, 7);
INSERT INTO `t_engineering_part_step` VALUES (73, '4.5VDC,將PCBA放入測試架,通電時白燈長亮,馬達會轉,按下葉片開關喇叭會發聲,紅燈會閃亮.', 12.00, '電子', 17, 12.00, NULL, NULL, 'PCBA測試', NULL, NULL, '鋸片/牙箱/電池箱裝配工序', 1.00, 7);
INSERT INTO `t_engineering_part_step` VALUES (74, 'PCBA的紅色正極電源線焊上PTC腳', 9.00, '電子', 18, 9.00, NULL, NULL, 'PCBA正極線焊上PTC', NULL, NULL, '鋸片/牙箱/電池箱裝配工序', 1.00, 7);
INSERT INTO `t_engineering_part_step` VALUES (75, '電池箱與電池箱上對準方向后合起並打3粒2.6X8PB螺絲', 12.00, '啤件', 19, 12.00, NULL, NULL, '電池箱組裝', NULL, NULL, '鋸片/牙箱/電池箱裝配工序', 1.00, 7);
INSERT INTO `t_engineering_part_step` VALUES (76, '裝入后打兩粒2.6X8PB螺絲', 12.00, '啤件+移印件', 20, 12.00, NULL, NULL, '鋸齒裝入大身右', '底模', '1PC', '大身右及鋸片裝配', 1.00, 7);
INSERT INTO `t_engineering_part_step` VALUES (77, '復位件裝入后打兩粒2.6X6PWB D7螺絲', 12.00, '啤件+五金', 21, 12.00, NULL, NULL, '鋸片復位件裝入大身右', '底模', '1PC', '大身右及鋸片裝配', 1.00, 7);
INSERT INTO `t_engineering_part_step` VALUES (78, '復位彈弓直徑小的那邊裝入復位件,大的那邊裝入大身的司筒柱內並打一粒2.6X6PWB D7螺絲', 10.00, '啤件+五金', 22, 10.00, NULL, NULL, '復位彈弓裝入大身右', '底模', '1PC', '大身右及鋸片裝配', 1.00, 7);
INSERT INTO `t_engineering_part_step` VALUES (79, '響片打1粒2.6X8PB螺絲,開關扭簧打一粒2.6X6PWB D7螺絲', 10.00, '啤件+五金', 23, 10.00, NULL, NULL, '開關扭簧及響片裝入大身右', '底模', '1PC', '大身右及鋸片裝配', 1.00, 7);
INSERT INTO `t_engineering_part_step` VALUES (80, '將塑膠螺絲放入大旋鈕定好位,再蓋上螺絲蓋並打兩粒2.6X6PB螺絲', 12.00, '啤件+五金', 24, 12.00, NULL, NULL, '大旋鈕及螺絲組裝', '底模', '1PC', '大身右及鋸片裝配', 1.00, 7);
INSERT INTO `t_engineering_part_step` VALUES (81, '先將小旋鈕響片裝入鋸片蓋,之后將小旋鈕裝入並收一粒2.6X6PWB D7螺絲', 10.00, '啤件+五金', 25, 10.00, NULL, NULL, '小旋鈕裝入鋸片蓋', '底模', '1PC', '大身右及鋸片裝配', 1.00, 7);
INSERT INTO `t_engineering_part_step` VALUES (82, '齒裝入頂旋鈕后對準定位放入夾具並打1粒2.6X8PB螺絲', 12.00, '啤件+五金', 26, 12.00, NULL, NULL, '頂旋鈕齒裝入頂旋鈕', '底模', '1PC', '大身右及鋸片裝配', 1.00, 7);
INSERT INTO `t_engineering_part_step` VALUES (83, '水泡位朝上,打2粒2.6X6PB螺絲', 12.00, '啤件+五金', 27, 12.00, NULL, NULL, '螺絲定位件蓋裝上大身右', '底模', '1PC', '大身右及鋸片裝配', 1.00, 7);
INSERT INTO `t_engineering_part_step` VALUES (84, '先將鋸片裝入大身,之后再將鋸片蓋扣入大身', 10.00, '裝配半品', 28, 10.00, NULL, NULL, '鋸片及鋸片蓋裝上大身右', NULL, NULL, '大身右及鋸片裝配', 1.00, 7);
INSERT INTO `t_engineering_part_step` VALUES (85, '先將大旋鈕響片對準定位,裝入鋸片蓋內,再將大旋鈕裝入后打1粒2.6X6PWB D7螺絲', 12.00, '裝配半品', 29, 12.00, NULL, NULL, '大旋鈕及裝上大身右', '底模', '1PC', '大身右及鋸片裝配', 1.00, 7);
INSERT INTO `t_engineering_part_step` VALUES (86, '蘭線的電感焊在牙箱面的馬達電刷上,橙色線的電感焊在牙箱底的馬達電刷上', 10.00, '電子', 30, 10.00, NULL, NULL, '焊電感上馬達', NULL, NULL, '大身右及鋸片裝配', 1.00, 7);
INSERT INTO `t_engineering_part_step` VALUES (87, '先將牙箱及及電池箱裝入大身右相應位置,再將PCBA的線向下連燈片一起裝入大身右.', 24.00, '半成品', 31, 12.00, NULL, NULL, '電池箱/PCBA/牙箱裝入大身右', NULL, NULL, '大身右及鋸片裝配', 2.00, 7);
INSERT INTO `t_engineering_part_step` VALUES (88, '放在相應位打一粒 2X6PB螺絲', 10.00, '五金+電子', 32, 10.00, NULL, NULL, '葉片開關固定在大身右上', '底模', '1PC', '大身右及鋸片裝配', 1.00, 7);
INSERT INTO `t_engineering_part_step` VALUES (89, '打4粒2.6X8PB螺絲', 12.00, '五金+半成品', 33, 12.00, NULL, NULL, '牙箱固定在大身右上', '底模', '1PC', '大身右及鋸片裝配', 1.00, 7);
INSERT INTO `t_engineering_part_step` VALUES (90, '兩雞眼啤到位,不能插斷電線.', 12.00, '五金+半成品', 34, 12.00, NULL, NULL, '兩雞眼啤入大身右', '上攻+底模', '1SET', '大身右及鋸片裝配', 1.00, 7);
INSERT INTO `t_engineering_part_step` VALUES (91, '將所有電線放入相應佈線柱內並執燙固定好所有電線.', 30.00, '半成品', 35, 10.00, NULL, NULL, '佈線', NULL, NULL, '大身右及鋸片裝配', 3.00, 7);
INSERT INTO `t_engineering_part_step` VALUES (92, '將兩手柄連接件放入手柄底內再將手柄面蓋上', 12.00, '啤件', 36, 12.00, NULL, NULL, '手柄組裝', NULL, NULL, '光身成品裝配', 1.00, 7);
INSERT INTO `t_engineering_part_step` VALUES (93, '打5粒2.6X6PB螺絲', 18.00, '啤件+五金', 37, 9.00, NULL, NULL, '手柄打螺絲', '底模', '1PC', '光身成品裝配', 2.00, 7);
INSERT INTO `t_engineering_part_step` VALUES (94, '先將護手裝入手柄,之后再裝入大身右', 12.00, '啤件', 38, 12.00, NULL, NULL, '手柄及護手裝入大身右', NULL, NULL, '光身成品裝配', 1.00, 7);
INSERT INTO `t_engineering_part_step` VALUES (95, '打3粒2.6X6PWB D7螺絲', 12.00, '啤件+五金', 39, 12.00, NULL, NULL, '手柄及護手打螺絲', '底模', '1PC', '光身成品裝配', 1.00, 7);
INSERT INTO `t_engineering_part_step` VALUES (96, 'PCBA的兩白色線焊上喇叭', 10.00, '電子', 40, 10.00, NULL, NULL, '喇叭加錫焊線', NULL, NULL, '光身成品裝配', 1.00, 7);
INSERT INTO `t_engineering_part_step` VALUES (97, '喇叭穿過大身右再放入喇叭罩並蓋上喇叭壓塊收3粒2.6X6PB螺絲固定.', 22.00, '電子+啤件', 41, 11.00, NULL, NULL, '喇叭裝入喇叭罩', NULL, NULL, '光身成品裝配', 2.00, 7);
INSERT INTO `t_engineering_part_step` VALUES (98, '裝入后收4粒2.6X8PB螺絲', 24.00, '啤件+五金', 42, 12.00, NULL, NULL, '喇叭罩裝入大身左', '底模', '1PC', '光身成品裝配', 2.00, 7);
INSERT INTO `t_engineering_part_step` VALUES (99, '搓花位啤入,啤入后軸露出膠件16.5正負0.2mm', 9.00, '啤件+五金', 43, 9.00, NULL, NULL, '細單搓花軸啤入側按制', '上攻+底模', '1SET', '光身成品裝配', 1.00, 7);
INSERT INTO `t_engineering_part_step` VALUES (100, '先將側按制彈簧裝入側按制上,再把底按制用W-1膠水粘實在大身右上,最后把開關制裝好后合起另一邊大身', 55.00, '啤件+五金', 44, 11.00, NULL, NULL, '三制及頂旋鈕裝入大身右並合起另一邊', NULL, NULL, '光身成品裝配', 5.00, 7);
INSERT INTO `t_engineering_part_step` VALUES (101, '在大身前中后各收一粒2.6X8PB螺絲', 12.00, '半成品', 45, 12.00, NULL, NULL, '大身收3螺絲', '底模', '1PC', '光身成品裝配', 1.00, 7);
INSERT INTO `t_engineering_part_step` VALUES (102, '用假電池，4.5VDC，按下開關制白燈會長亮,鋸鏈會順時針勻速轉動,將鋸片向下壓時喇叭發聲,紅燈會閃亮,此時時工作電流小於400MA,牙箱聲音均勻.', 12.00, '半成品', 46, 12.00, NULL, NULL, '試功能', NULL, NULL, '光身成品裝配', 1.00, 7);
INSERT INTO `t_engineering_part_step` VALUES (103, '將包膠手柄裝入后再頭及兩側都要扣入大身,與大身要貼.', 12.00, '啤件', 47, 12.00, NULL, NULL, '包膠手柄裝上大身', NULL, NULL, '光身成品裝配', 1.00, 7);
INSERT INTO `t_engineering_part_step` VALUES (104, '再將大身上另6個孔內放入2.6X8的PB螺絲並收緊.', 24.00, '光身成品', 48, 12.00, NULL, NULL, '大身收6粒螺絲', NULL, NULL, '光身成品裝配', 2.00, 7);
INSERT INTO `t_engineering_part_step` VALUES (105, '各旋鈕扭動時能發聲', 8.00, '半成品', 49, 8.00, NULL, NULL, '檢查', NULL, NULL, '光身成品裝配', 1.00, 7);
INSERT INTO `t_engineering_part_step` VALUES (106, '用周轉袋裝好排盆', 8.00, '半成品', 50, 8.00, NULL, NULL, '入周轉袋排盆', NULL, NULL, '光身成品裝配', 1.00, 7);
INSERT INTO `t_engineering_part_step` VALUES (107, '胶水不能外露', 10.00, '啤件+外購', 1, 10.00, NULL, NULL, '耳罩内外壳点MEK胶水装配', NULL, NULL, '裝配', 1.00, 8);
INSERT INTO `t_engineering_part_step` VALUES (108, NULL, 12.00, '啤件', 2, 12.00, NULL, NULL, '左耳罩超声', NULL, NULL, '裝配', 1.00, 8);
INSERT INTO `t_engineering_part_step` VALUES (109, NULL, 12.00, '啤件', 3, 12.00, NULL, NULL, '右耳罩超声', NULL, NULL, '裝配', 1.00, 8);
INSERT INTO `t_engineering_part_step` VALUES (110, '位置要正', 20.00, '啤件+外購', 4, 10.00, NULL, NULL, '耳罩用双面胶粘EVA', NULL, NULL, '裝配', 2.00, 8);
INSERT INTO `t_engineering_part_step` VALUES (111, '日期码要清晰', 8.00, '啤件', 5, 8.00, NULL, NULL, '耳罩带打印日期码', '手啤机', '1', '裝配', 1.00, 8);
INSERT INTO `t_engineering_part_step` VALUES (112, '要装到位', 8.00, '啤件', 6, 8.00, NULL, NULL, '耳罩带装左右耳罩', NULL, NULL, '裝配', 1.00, 8);
INSERT INTO `t_engineering_part_step` VALUES (113, '位置要贴正', 8.00, '外購', 7, 8.00, NULL, NULL, '耳罩贴3国文', NULL, NULL, '裝配', 1.00, 8);
INSERT INTO `t_engineering_part_step` VALUES (114, '位置要贴正', 8.00, '外購', 8, 8.00, NULL, NULL, '耳罩贴商标贴纸ASTM版', NULL, NULL, '裝配', 1.00, 8);
INSERT INTO `t_engineering_part_step` VALUES (115, '表面要清洁干净', 10.00, '成品', 9, 10.00, NULL, NULL, '清洁表面', NULL, NULL, '裝配', 1.00, 8);
INSERT INTO `t_engineering_part_step` VALUES (116, '检查装配位置是否装到位，\n表面不能有污脏', 10.00, '成品', 10, 10.00, NULL, NULL, '检查', NULL, NULL, '裝配', 1.00, 8);
INSERT INTO `t_engineering_part_step` VALUES (117, '負極比正極短2mm，方便焊線區分', 7.00, '電子', 1, 7.00, NULL, NULL, '剪LED燈腳', '剪鉗', '1', '開關焊接電源線', 1.00, 9);
INSERT INTO `t_engineering_part_step` VALUES (118, '按樣辦要求將兩端的腳彎到一起', 8.00, '電子', 2, 8.00, NULL, NULL, '開關彎腳', '尖嘴鉗', '1', '開關焊接電源線', 1.00, 9);
INSERT INTO `t_engineering_part_step` VALUES (119, '不能有虛焊假焊', 9.00, '電子', 3, 9.00, NULL, NULL, '彎好的開關加錫', '電鉻鐵', '1', '開關焊接電源線', 1.00, 9);
INSERT INTO `t_engineering_part_step` VALUES (120, '位置不能焊錯，不能有虛焊假焊', 9.00, '電子', 4, 9.00, NULL, NULL, '焊接負極電源線到開關', '電鉻鐵', '1', '開關焊接電源線', 1.00, 9);
INSERT INTO `t_engineering_part_step` VALUES (121, '位置不能焊錯，不能有虛焊假焊', 9.00, '電子', 5, 9.00, NULL, NULL, '焊接PTC到開關正极', '電鉻鐵', '1', '開關焊接電源線', 1.00, 9);
INSERT INTO `t_engineering_part_step` VALUES (122, '位置不能焊錯，不能有虛焊假焊', 9.00, '電子', 6, 9.00, NULL, NULL, '焊接馬達正極線到開關', '電鉻鐵', '1', '開關焊接電源線', 1.00, 9);
INSERT INTO `t_engineering_part_step` VALUES (123, '位置不能焊錯，不能有虛焊假焊。剝線位需焊中間位，以免短路。', 16.00, '電子', 7, 8.00, NULL, NULL, '焊接馬達負極線到開關', '電鉻鐵', '2', '開關焊接電源線', 2.00, 9);
INSERT INTO `t_engineering_part_step` VALUES (124, '位置不能焊錯，不能有虛焊假焊', 9.00, '電子', 8, 9.00, NULL, NULL, '焊LED燈黑色線到開關', '電鉻鐵', '1', '開關焊接電源線', 1.00, 9);
INSERT INTO `t_engineering_part_step` VALUES (125, '位置不能焊錯，不能有虛焊假焊', 9.00, '電子', 9, 9.00, NULL, NULL, '焊LED燈線2點', '電鉻鐵', '1', '開關焊接電源線', 1.00, 9);
INSERT INTO `t_engineering_part_step` VALUES (126, '齒輪不能用錯，需裝到位', 8.00, '外購+電子', 1, 8.00, NULL, NULL, '馬達齒輪裝入馬達', '手啤機', '1', '大身光身成品裝配', 1.00, 9);
INSERT INTO `t_engineering_part_step` VALUES (127, '雙搓花軸頂到齒頂距離要符合圖示要求', 7.00, '外購+五金', 2, 7.00, NULL, NULL, '雙搓花鐵軸啤入大離合牙', '手啤機', '1', '大身光身成品裝配', 1.00, 9);
INSERT INTO `t_engineering_part_step` VALUES (128, '小離合牙不要裝反', 7.00, '外購+五金', 3, 7.00, NULL, NULL, '小離合牙，彈弓和彈弓固定件裝入上工序鐵軸', NULL, NULL, '大身光身成品裝配', 1.00, 9);
INSERT INTO `t_engineering_part_step` VALUES (129, '尺寸要正確（固定件到軸底約2.3mm)', 7.00, '外購+五金', 4, 7.00, NULL, NULL, '啤壓小離合齒', '手啤機', '1', '大身光身成品裝配', 1.00, 9);
INSERT INTO `t_engineering_part_step` VALUES (130, '尺寸需正確（齒輪底部到軸底約1.6mm）', 7.00, '外購+五金', 5, 7.00, NULL, NULL, '單搓花軸裝入傳動齒輪', '手啤機', '1', '大身光身成品裝配', 1.00, 9);
INSERT INTO `t_engineering_part_step` VALUES (131, '注意C形圈的方向不能錯，平面向上', 16.00, '啤件', 6, 8.00, NULL, NULL, 'C形圈裝入傳動桿，蓋上蓋子並打膠水', NULL, NULL, '大身光身成品裝配', 2.00, 9);
INSERT INTO `t_engineering_part_step` VALUES (132, '正負電池片不能裝錯', 16.00, '啤件+五金', 7, 8.00, NULL, NULL, '電池片裝入電池箱', NULL, NULL, '大身光身成品裝配', 2.00, 9);
INSERT INTO `t_engineering_part_step` VALUES (133, '電池片要啤到位', 8.00, '啤件+五金', 8, 8.00, NULL, NULL, '啤壓電池片并將正極片彎到位', NULL, NULL, '大身光身成品裝配', 1.00, 9);
INSERT INTO `t_engineering_part_step` VALUES (134, '位置不能焊錯，不能有虛焊假焊', 9.00, '啤件+電子', 9, 9.00, NULL, NULL, '電池箱負極片加錫并焊PTC', NULL, NULL, '大身光身成品裝配', 1.00, 9);
INSERT INTO `t_engineering_part_step` VALUES (135, '位置不能焊錯，不能有虛焊假焊', 18.00, '啤件+電子', 10, 9.00, NULL, NULL, '馬達焊線*2條', NULL, NULL, '大身光身成品裝配', 2.00, 9);
INSERT INTO `t_engineering_part_step` VALUES (136, '位置要正確，不能壓壞電線', 9.00, '五金+膠件', 11, 9.00, NULL, NULL, '開關負極線及雞眼裝入大身', '底模+上攻', '1', '大身光身成品裝配', 1.00, 9);
INSERT INTO `t_engineering_part_step` VALUES (137, '彈弓的方向不能裝錯', 14.00, '五金', 12, 7.00, NULL, NULL, '扭力弹弓及電池箱裝入大身', NULL, NULL, '大身光身成品裝配', 2.00, 9);
INSERT INTO `t_engineering_part_step` VALUES (138, '各零件要裝到位，線要排好，不能影響齒輪轉動', 45.00, '五金+膠件', 13, 9.00, NULL, NULL, '焊好線的馬達和開關及撥動制/電池箱裝入大身', '攝子', NULL, '大身光身成品裝配', 5.00, 9);
INSERT INTO `t_engineering_part_step` VALUES (139, '需裝配到位', 7.00, '五金+膠件', 14, 7.00, NULL, NULL, '單搓花軸齒輪組裝入傳動桿', NULL, NULL, '大身光身成品裝配', 1.00, 9);
INSERT INTO `t_engineering_part_step` VALUES (140, '齒輪不要裝反', 18.00, '五金+膠件', 15, 9.00, NULL, NULL, '齒輪組/傳動桿/前蓋裝入大身', NULL, NULL, '大身光身成品裝配', 2.00, 9);
INSERT INTO `t_engineering_part_step` VALUES (141, '油要打均勻', 9.00, '五金+膠件', 16, 9.00, NULL, NULL, '各齒輪處加潤滑油', '毛筆', '1', '大身光身成品裝配', 1.00, 9);
INSERT INTO `t_engineering_part_step` VALUES (142, '不要漏裝螺母，不要壓線', 32.00, '五金+膠件', 17, 8.00, NULL, NULL, '螺母/按制件裝入大身并合好大身左右', NULL, NULL, '大身光身成品裝配', 4.00, 9);
INSERT INTO `t_engineering_part_step` VALUES (143, '螺絲要收緊，不能滑牙', 24.00, '五金', 18, 8.00, NULL, NULL, '大身收螺絲（4粒）', '電批', '3', '大身光身成品裝配', 3.00, 9);
INSERT INTO `t_engineering_part_step` VALUES (144, '方向不能轉反，鉆咀不能打滑', 18.00, '成品', 19, 9.00, NULL, NULL, '成品試功能檢查并擺盆', '穩壓電源', '2', '大身光身成品裝配', 2.00, 9);
INSERT INTO `t_engineering_part_step` VALUES (145, '要裝到為，MEK膠水要打夠，確保拉力', 10.00, '啤件', 1, 10.00, NULL, NULL, '柱形螺絲批頭裝批頭連接件及打膠水', '針筒', '1', '螺絲批頭裝配', 1.00, 10);
INSERT INTO `t_engineering_part_step` VALUES (146, '要裝到為，MEK膠水要打夠，確保拉力', 10.00, '啤件', 1, 10.00, NULL, NULL, '錐形螺絲批頭裝批頭連接件及打膠水', '針筒', '1', '螺絲批頭裝配', 1.00, 11);
INSERT INTO `t_engineering_part_step` VALUES (147, '要戴白色手套，不能擦花镜片', 8.00, '啤件', 1, 8.00, NULL, NULL, '眼罩框打印日期码', '日期码底模/上攻', '1', '裝配', 1.00, 12);
INSERT INTO `t_engineering_part_step` VALUES (148, '要戴白色手套，不能擦花镜片', 10.00, '啤件', 2, 10.00, NULL, NULL, '眼罩框装眼罩镜片', NULL, NULL, '裝配', 1.00, 12);
INSERT INTO `t_engineering_part_step` VALUES (149, '要戴白色手套，不能擦花镜\n片,不能烫伤胶件', 24.00, '啤件', 3, 12.00, NULL, NULL, '热烫眼罩框', NULL, NULL, '裝配', 2.00, 12);
INSERT INTO `t_engineering_part_step` VALUES (150, '不能穿错位置', 20.00, '啤件+外购', 4, 10.00, NULL, NULL, '黑色松缩带穿扣', NULL, NULL, '裝配', 2.00, 12);
INSERT INTO `t_engineering_part_step` VALUES (151, '车缝两次，并剪线头', 10.00, '啤件+外购', 5, 10.00, NULL, NULL, '车缝', NULL, NULL, '裝配', 1.00, 12);
INSERT INTO `t_engineering_part_step` VALUES (152, '不能穿错位置,穿反方向', 20.00, '啤件+外购', 6, 10.00, NULL, NULL, '黑色松缩带穿眼罩', NULL, NULL, '裝配', 2.00, 12);
INSERT INTO `t_engineering_part_step` VALUES (153, '车缝两次，并剪线头', 10.00, '啤件+外购', 7, 10.00, NULL, NULL, '车缝', NULL, NULL, '裝配', 1.00, 12);
INSERT INTO `t_engineering_part_step` VALUES (154, '贴纸要粘稳', 10.00, '外购', 8, 10.00, NULL, NULL, '贴商标贴纸', NULL, NULL, '裝配', 1.00, 12);
INSERT INTO `t_engineering_part_step` VALUES (155, '贴纸要粘稳', 10.00, '外购', 9, 10.00, NULL, NULL, '贴警告语贴纸A', NULL, NULL, '裝配', 1.00, 12);
INSERT INTO `t_engineering_part_step` VALUES (156, '表面要清洁干净', 10.00, '成品', 10, 10.00, NULL, NULL, '清洁表面', NULL, NULL, '裝配', 1.00, 12);
INSERT INTO `t_engineering_part_step` VALUES (157, '检查装配位置是否装到位，\n表面不能有污脏', 10.00, '成品', 11, 10.00, NULL, NULL, '检查', NULL, NULL, '裝配', 1.00, 12);
INSERT INTO `t_engineering_part_step` VALUES (158, '長光軸端啤入，軸離牙11mm正負0.1mm', 10.00, '外購+五金', 1, 10.00, NULL, NULL, '豬腸牙啤入搓花轴A', '上攻+底模', '1', '牙箱裝配', 1.00, 13);
INSERT INTO `t_engineering_part_step` VALUES (159, '長光軸端啤入，軸離牙4.5mm正負0.1mm', 10.00, '啤件+五金', 2, 10.00, NULL, NULL, '大牙仔啤入搓花轴A', '上攻+底模', '1', '牙箱裝配', 1.00, 13);
INSERT INTO `t_engineering_part_step` VALUES (160, '短光軸端啤入，軸離牙4mm正負0.1mm', 10.00, '啤件+五金', 3, 10.00, NULL, NULL, '铜齿轮啤入搓花轴A', '上攻+底模', '1', '牙箱裝配', 1.00, 13);
INSERT INTO `t_engineering_part_step` VALUES (161, '長光軸端啤入，軸離牙7.8mm正負0.1mm', 10.00, '啤件+五金', 4, 10.00, NULL, NULL, '偏心輪牙啤入搓花轴B', '上攻+底模', '1', '牙箱裝配', 1.00, 13);
INSERT INTO `t_engineering_part_step` VALUES (162, '壓平要求旋轉順暢', 20.00, '啤件+五金', 5, 10.00, NULL, NULL, '鋸面與偏心輪/底板组装并热压固定', '上攻+底模', '2', '牙箱裝配', 2.00, 13);
INSERT INTO `t_engineering_part_step` VALUES (163, '偏心輪與偏心輪牙相對啤平', 11.00, '五金+啤件', 6, 11.00, NULL, NULL, '搓花轴B啤入偏心輪/牙箱面', '上攻+底模', '1', '牙箱裝配', 1.00, 13);
INSERT INTO `t_engineering_part_step` VALUES (164, '馬達牙分正反與光軸啤平', 10.00, '五金+啤件', 7, 10.00, NULL, NULL, '馬達牙啤入馬達', '上攻+底模', '1', '牙箱裝配', 1.00, 13);
INSERT INTO `t_engineering_part_step` VALUES (165, '分正負,正負不能焊反', 20.00, '五金+電子', 8, 10.00, NULL, NULL, '馬達加錫焊线', '底模', '1', '牙箱裝配', 2.00, 13);
INSERT INTO `t_engineering_part_step` VALUES (166, '方向不能放反，排好線，牙仔要打油', 33.00, '五金+啤件', 9, 11.00, NULL, NULL, '馬達/搓花轴A半品入牙箱底并盖好牙箱面', NULL, NULL, '牙箱裝配', 3.00, 13);
INSERT INTO `t_engineering_part_step` VALUES (167, '4粒2.6*8PB螺絲', 20.00, '五金+啤件', 10, 10.00, NULL, NULL, '螺絲2.6*8,4粒入牙箱半品', '底模', '1', '牙箱裝配', 2.00, 13);
INSERT INTO `t_engineering_part_step` VALUES (168, '按要求組裝,加MEK膠水', 33.00, '五金+啤件', 11, 11.00, NULL, NULL, '牙箱面/底與LED燈組裝', NULL, NULL, '牙箱裝配', 3.00, 13);
INSERT INTO `t_engineering_part_step` VALUES (169, '3V DC, 夾位正負極線，轉盤會轉，白燈會亮，同時看其工作電流不可大於500MA.', 20.00, '半品', 12, 10.00, NULL, NULL, '牙箱試功能', NULL, NULL, '牙箱裝配', 2.00, 13);
INSERT INTO `t_engineering_part_step` VALUES (170, '用细胶盆摆放,线要摆顺', 9.00, '半品', 13, 9.00, NULL, NULL, '摆盆', NULL, NULL, '牙箱裝配', 1.00, 13);
INSERT INTO `t_engineering_part_step` VALUES (171, '需裝到位。', 11.00, '五金+啤件', 1, 11.00, NULL, NULL, '連桿裝刮片并热压固定', '上攻+底模', '1', '光身裝配', 1.00, 13);
INSERT INTO `t_engineering_part_step` VALUES (172, '需壓到位', 11.00, '五金+啤件', 2, 11.00, NULL, NULL, '連桿装接觸片并热压固定', '上攻+底模', '1', '光身裝配', 1.00, 13);
INSERT INTO `t_engineering_part_step` VALUES (173, '打2.6*6PB螺絲 1粒', 11.00, '五金+啤件', 3, 11.00, NULL, NULL, '開關與扭制组装并打螺絲', '电批', '1', '光身裝配', 1.00, 13);
INSERT INTO `t_engineering_part_step` VALUES (174, '需壓到位', 11.00, '五金+啤件', 4, 11.00, NULL, NULL, '開關裝接觸片并熱湯柱子', '鉻鐵', '1', '光身裝配', 1.00, 13);
INSERT INTO `t_engineering_part_step` VALUES (175, '要装到位M3螺母一个', 11.00, '五金+啤件', 5, 11.00, NULL, NULL, '拆大身左右/大身右裝螺母', NULL, NULL, '光身裝配', 1.00, 13);
INSERT INTO `t_engineering_part_step` VALUES (176, '膠件不可燙壞,螺母不能有鬆動,要燙到位,燙緊', 11.00, '五金+啤件', 6, 11.00, NULL, NULL, '大身右螺母熱压固定', '上攻+底模', '1', '光身裝配', 1.00, 13);
INSERT INTO `t_engineering_part_step` VALUES (177, '要装位，不能漏装配件共5个件', 24.00, '五金+啤件', 7, 12.00, NULL, NULL, '大身左组装扭制并打螺丝', '电批', '2', '光身裝配', 2.00, 13);
INSERT INTO `t_engineering_part_step` VALUES (178, '要装位，不能漏装配件共4个件', 20.00, '五金+啤件', 8, 10.00, NULL, NULL, '大身左组装滑块并打螺丝', '电批', '2', '光身裝配', 2.00, 13);
INSERT INTO `t_engineering_part_step` VALUES (179, '不可裝錯正負极的位置', 11.00, '五金+啤件', 9, 11.00, NULL, NULL, '電池片裝到電池箱', NULL, NULL, '光身裝配', 1.00, 13);
INSERT INTO `t_engineering_part_step` VALUES (180, '需壓到位', 11.00, '五金+電子', 10, 11.00, NULL, NULL, '電池箱壓電池片', '上攻+底模', '1', '光身裝配', 1.00, 13);
INSERT INTO `t_engineering_part_step` VALUES (181, '打1粒2.6*6*8PWB介子螺絲', 12.00, '五金+啤件', 11, 12.00, NULL, NULL, '装扭簧B入大身打螺絲', '底模', '1', '光身裝配', 1.00, 13);
INSERT INTO `t_engineering_part_step` VALUES (182, '打1粒2.6*6*8PWB介子螺絲', 12.00, '五金+啤件', 12, 12.00, NULL, NULL, '装扭簧A打螺絲', '底模', '1', '光身裝配', 1.00, 13);
INSERT INTO `t_engineering_part_step` VALUES (183, '不能有假焊、PTC0.75', 10.00, '電子', 13, 10.00, NULL, NULL, 'PTC焊紅色電線', '鉻鐵', '1', '光身裝配', 1.00, 13);
INSERT INTO `t_engineering_part_step` VALUES (184, 'PTC焊在正极电池片上', 11.00, '啤件', 14, 11.00, NULL, NULL, '電池箱正极加锡焊/焊PTC', '鉻鐵', '1', '光身裝配', 1.00, 13);
INSERT INTO `t_engineering_part_step` VALUES (185, '要装到位.线要压在牙箱底部', 12.00, '五金+電子', 15, 12.00, NULL, NULL, '牙箱装入大身右', NULL, NULL, '光身裝配', 1.00, 13);
INSERT INTO `t_engineering_part_step` VALUES (186, '打2.6*8PB螺絲 5粒', 24.00, '五金+電子', 16, 12.00, NULL, NULL, '裝PCBA/牙箱打螺絲', '电批', '2', '光身裝配', 2.00, 13);
INSERT INTO `t_engineering_part_step` VALUES (187, '打1粒2.6*6*8PWB介子螺絲', 22.00, '五金+啤件', 17, 11.00, NULL, NULL, '連杆與扭簧裝入大身打螺絲', '底模', '2', '光身裝配', 2.00, 13);
INSERT INTO `t_engineering_part_step` VALUES (188, '不能有假焊，线不能焊错', 22.00, '五金+啤件', 18, 11.00, NULL, NULL, '扭簧A/B加锡/焊線', '鉻鐵', '2', '光身裝配', 2.00, 13);
INSERT INTO `t_engineering_part_step` VALUES (189, '不能有假焊', 11.00, '五金+啤件', 19, 11.00, NULL, NULL, '电池箱负极片加锡焊负极线', '鉻鐵', '1', '光身裝配', 1.00, 13);
INSERT INTO `t_engineering_part_step` VALUES (190, '不能有假焊', 11.00, '五金+啤件', 20, 11.00, NULL, NULL, '連桿接觸片加锡/焊線', '鉻鐵', '1', '光身裝配', 1.00, 13);
INSERT INTO `t_engineering_part_step` VALUES (191, '不能有假焊', 11.00, '五金+啤件', 21, 11.00, NULL, NULL, '按制开关加锡/焊線', '鉻鐵', '1', '光身裝配', 1.00, 13);
INSERT INTO `t_engineering_part_step` VALUES (192, 'LED不能装借，线要理好', 36.00, '五金+啤件', 22, 12.00, NULL, NULL, '装LED灯/开关/弹弓并理线', NULL, NULL, '光身裝配', 3.00, 13);
INSERT INTO `t_engineering_part_step` VALUES (193, '要装到位', 10.00, '五金+啤件', 23, 10.00, NULL, NULL, '底板装弹弓2条', NULL, NULL, '光身裝配', 1.00, 13);
INSERT INTO `t_engineering_part_step` VALUES (194, '要装到位', 10.00, '五金+啤件', 24, 10.00, NULL, NULL, '推制装弹弓2条', NULL, NULL, '光身裝配', 1.00, 13);
INSERT INTO `t_engineering_part_step` VALUES (195, '要装到位', 12.00, '五金+啤件', 25, 12.00, NULL, NULL, '装螺母及推制入大身', NULL, NULL, '光身裝配', 1.00, 13);
INSERT INTO `t_engineering_part_step` VALUES (196, '打2.6*8PB螺絲 1粒', 36.00, '五金+啤件', 26, 12.00, NULL, NULL, '装底板合大身并打一个螺丝', '电批', '1', '光身裝配', 3.00, 13);
INSERT INTO `t_engineering_part_step` VALUES (197, '打2.6*8PB螺絲5粒', 22.00, '光身成品', 27, 11.00, NULL, NULL, '大身打螺絲5个', '电批', '2', '光身裝配', 2.00, 13);
INSERT INTO `t_engineering_part_step` VALUES (198, '按下开关白灯亮马达转，再按下底板有刮片声两红灯闪亮', 20.00, '光身成品', 28, 10.00, NULL, NULL, '成品检查/試功能/摆盆', NULL, NULL, '光身裝配', 2.00, 13);

-- ----------------------------
-- Table structure for t_engineering_print_oil_step
-- ----------------------------
DROP TABLE IF EXISTS `t_engineering_print_oil_step`;
CREATE TABLE `t_engineering_print_oil_step`  (
  `id` bigint(20) NOT NULL AUTO_INCREMENT,
  `background` varchar(255) CHARACTER SET utf8 COLLATE utf8_general_ci NULL DEFAULT NULL COMMENT '底部',
  `color` varchar(255) CHARACTER SET utf8 COLLATE utf8_general_ci NULL DEFAULT NULL COMMENT '喷油颜色',
  `dosage` decimal(10, 2) NULL DEFAULT NULL COMMENT '用量',
  `fixture` varchar(255) CHARACTER SET utf8 COLLATE utf8_general_ci NULL DEFAULT NULL COMMENT '夹具',
  `hour` decimal(10, 2) NULL DEFAULT NULL COMMENT '每小時產量',
  `location` varchar(255) CHARACTER SET utf8 COLLATE utf8_general_ci NULL DEFAULT NULL COMMENT '上色位置',
  `oil_percent` decimal(10, 2) NULL DEFAULT NULL COMMENT '油',
  `order_index` varchar(255) CHARACTER SET utf8 COLLATE utf8_general_ci NULL DEFAULT NULL COMMENT '序號',
  `price` decimal(19, 2) NULL DEFAULT NULL,
  `remark` varchar(255) CHARACTER SET utf8 COLLATE utf8_general_ci NULL DEFAULT NULL COMMENT '備註',
  `supplier` varchar(255) CHARACTER SET utf8 COLLATE utf8_general_ci NULL DEFAULT NULL COMMENT '油漆供應商',
  `water_percent` decimal(10, 2) NULL DEFAULT NULL COMMENT '開油水',
  `waterSupplier` varchar(255) CHARACTER SET utf8 COLLATE utf8_general_ci NULL DEFAULT NULL COMMENT '開油水供應商',
  `waterprice` decimal(19, 2) NULL DEFAULT NULL,
  `worker` decimal(10, 2) NULL DEFAULT NULL COMMENT '工人數',
  `worktime` decimal(10, 2) NULL DEFAULT NULL COMMENT '工时-s',
  `oil_id` bigint(20) NULL DEFAULT NULL COMMENT '油漆',
  `parent_id` bigint(20) NULL DEFAULT NULL COMMENT '光身',
  `part_id` bigint(20) NULL DEFAULT NULL COMMENT '零件',
  `water_id` bigint(20) NULL DEFAULT NULL COMMENT '開油水',
  `oil_dosage` decimal(10, 10) NULL DEFAULT NULL COMMENT '油漆用量',
  `water_dosage` decimal(10, 10) NULL DEFAULT NULL COMMENT '開油水用量',
  PRIMARY KEY (`id`) USING BTREE,
  INDEX `FK7l45qu6xk09676x0n3kbmysmr`(`oil_id`) USING BTREE,
  INDEX `FKbxnbn0kyl2kv64eguj0hvem1j`(`parent_id`) USING BTREE,
  INDEX `FKqs1rc70juxnl1phceccf6vid3`(`part_id`) USING BTREE,
  INDEX `FKrw9nndxl1ods667le1r08eis2`(`water_id`) USING BTREE,
  CONSTRAINT `FK7l45qu6xk09676x0n3kbmysmr` FOREIGN KEY (`oil_id`) REFERENCES `t_engineering_part` (`id`) ON DELETE RESTRICT ON UPDATE RESTRICT,
  CONSTRAINT `FKbxnbn0kyl2kv64eguj0hvem1j` FOREIGN KEY (`parent_id`) REFERENCES `t_engineering_part` (`id`) ON DELETE RESTRICT ON UPDATE RESTRICT,
  CONSTRAINT `FKqs1rc70juxnl1phceccf6vid3` FOREIGN KEY (`part_id`) REFERENCES `t_engineering_part` (`id`) ON DELETE RESTRICT ON UPDATE RESTRICT,
  CONSTRAINT `FKrw9nndxl1ods667le1r08eis2` FOREIGN KEY (`water_id`) REFERENCES `t_engineering_part` (`id`) ON DELETE RESTRICT ON UPDATE RESTRICT
) ENGINE = InnoDB AUTO_INCREMENT = 18 CHARACTER SET = utf8 COLLATE = utf8_general_ci COMMENT = '光身-移印工序' ROW_FORMAT = Dynamic;

-- ----------------------------
-- Records of t_engineering_print_oil_step
-- ----------------------------
INSERT INTO `t_engineering_print_oil_step` VALUES (1, '綠', '銀', 100.00, '夾', 225.00, '尾部銀色', 1.00, '1-0001', NULL, NULL, 'PHA-2611(永輝)', 1.20, 'T-501', NULL, 1.00, 16.00, 75, 1, 73, 76, 0.0006100000, 0.0007300000);
INSERT INTO `t_engineering_print_oil_step` VALUES (2, '綠', '紅色', 1000.00, '印', 450.00, '左身BOSCH字', 1.00, '1-0001', NULL, NULL, 'NG-9967(永輝)', 0.50, 'T-208', NULL, 1.00, 8.00, 79, 1, 77, 81, 0.0000900000, 0.0000400000);
INSERT INTO `t_engineering_print_oil_step` VALUES (3, '綠', '銀色', 1500.00, '印', 450.00, '左身圓圖案', 1.00, '1-0002', NULL, NULL, 'NG-9968(永輝)', 0.50, 'T-208', NULL, 1.00, 8.00, 80, 1, 77, 81, 0.0000600000, 0.0000300000);
INSERT INTO `t_engineering_print_oil_step` VALUES (4, '綠', '紅色', 1000.00, '印', 450.00, '右身BOSCH字', 1.00, '1-0003', NULL, NULL, 'NG-9967(永輝)', 0.50, 'T-208', NULL, 1.00, 8.00, 79, 1, 77, 81, 0.0000900000, 0.0000400000);
INSERT INTO `t_engineering_print_oil_step` VALUES (5, '綠', '銀色', 1500.00, '印', 450.00, '右身圓圖案', 1.00, '1-0004', NULL, NULL, 'NG-9968(永輝)', 0.50, 'T-208', NULL, 1.00, 8.00, 80, 1, 77, 81, 0.0000600000, 0.0000300000);
INSERT INTO `t_engineering_print_oil_step` VALUES (6, '黑', '紅色', 1000.00, '印', 450.00, 'BOSCH字', 1.00, '2-0001', NULL, NULL, 'NG-9967(永輝)', 0.50, 'T-208', NULL, 1.00, 8.00, 79, 2, 105, 81, 0.0000900000, 0.0000400000);
INSERT INTO `t_engineering_print_oil_step` VALUES (7, '黑', '銀色', 1500.00, '印', 450.00, '圓圖案', 1.00, '2-0002', NULL, NULL, 'NG-9968(永輝)', 0.50, 'T-208', NULL, 1.00, 8.00, 80, 2, 105, 81, 0.0000600000, 0.0000300000);
INSERT INTO `t_engineering_print_oil_step` VALUES (8, '綠', '銀色', 70.00, '夾', 180.00, '上前銀色', 1.00, '1-0003', NULL, NULL, 'PHA-2611(永輝)', 1.20, 'T--501', NULL, 1.00, 20.00, 75, 7, 176, NULL, 0.0008700000, 0.0010400000);
INSERT INTO `t_engineering_print_oil_step` VALUES (9, '綠', '紅色', 1000.00, '印', 514.29, 'BOSCH字', 1.00, '1-0002', NULL, NULL, 'NG-9967(永輝)', 0.50, 'T--208', NULL, 1.00, 7.00, 79, 7, 177, NULL, 0.0000900000, 0.0000400000);
INSERT INTO `t_engineering_print_oil_step` VALUES (10, '綠', '銀色', 1500.00, '印', 514.29, '圓圖案', 1.00, '1-0002', NULL, NULL, 'NG-9968(永輝)', 0.50, 'T--208', NULL, 1.00, 7.00, 80, 7, 177, NULL, 0.0000600000, 0.0000300000);
INSERT INTO `t_engineering_print_oil_step` VALUES (11, '銀', '黑色', 1000.00, '印', 514.29, 'BOSCH字', 1.00, '2-0001', NULL, NULL, 'NG-502(永輝)', 0.50, 'T--208', NULL, 1.00, 7.00, 180, 7, 179, NULL, 0.0000900000, 0.0000400000);
INSERT INTO `t_engineering_print_oil_step` VALUES (12, '藍色', '紅色', 1000.00, '印', 514.29, '左身BOSCH字', 1.00, '2-0001', NULL, NULL, 'NG-9967(永輝)', 0.50, 'T-208', NULL, 1.00, 7.00, 79, 13, 13, 81, 0.0000900000, 0.0000400000);
INSERT INTO `t_engineering_print_oil_step` VALUES (13, '藍色', '銀色', 1500.00, '印', 514.29, '左身圓圖案', 1.00, '2-0002', NULL, NULL, 'NG-9968(永輝)', 0.50, 'T-208', NULL, 1.00, 7.00, 80, 13, 13, 81, 0.0000600000, 0.0000300000);
INSERT INTO `t_engineering_print_oil_step` VALUES (14, '藍色', '紅色', 1000.00, '印', 514.29, '右身BOSCH字', 1.00, '2-0003', NULL, NULL, 'NG-9967(永輝)', 0.50, 'T-208', NULL, 1.00, 7.00, 79, 13, 13, 81, 0.0000900000, 0.0000400000);
INSERT INTO `t_engineering_print_oil_step` VALUES (15, '藍色', '銀色', 1500.00, '印', 514.29, '右身圓圖案', 1.00, '2-0004', NULL, NULL, 'NG-9968(永輝)', 0.50, 'T-208', NULL, 1.00, 7.00, 80, 13, 13, 81, 0.0000600000, 0.0000300000);
INSERT INTO `t_engineering_print_oil_step` VALUES (16, '藍色', NULL, NULL, NULL, 514.29, '清潔', NULL, '2-0005', NULL, NULL, NULL, NULL, NULL, NULL, 1.00, 7.00, NULL, 13, 13, NULL, NULL, NULL);
INSERT INTO `t_engineering_print_oil_step` VALUES (17, '藍色', NULL, NULL, NULL, 514.29, '裝箱', NULL, '2-0006', NULL, NULL, NULL, NULL, NULL, NULL, 1.00, 7.00, NULL, 13, 13, NULL, NULL, NULL);

-- ----------------------------
-- Table structure for t_engineering_product
-- ----------------------------
DROP TABLE IF EXISTS `t_engineering_product`;
CREATE TABLE `t_engineering_product`  (
  `id` bigint(20) NOT NULL AUTO_INCREMENT,
  `is_audit` tinyint(4) NULL DEFAULT NULL COMMENT '已審核',
  `audit_date` timestamp(0) NOT NULL DEFAULT CURRENT_TIMESTAMP(0) ON UPDATE CURRENT_TIMESTAMP(0) COMMENT '審核日期',
  `auditor` varchar(255) CHARACTER SET utf8 COLLATE utf8_general_ci NULL DEFAULT NULL COMMENT '審核人',
  `code` varchar(255) CHARACTER SET utf8 COLLATE utf8_general_ci NULL DEFAULT NULL COMMENT '編號',
  `ename` varchar(255) CHARACTER SET utf8 COLLATE utf8_general_ci NULL DEFAULT NULL COMMENT '英语名稱',
  `model` varchar(255) CHARACTER SET utf8 COLLATE utf8_general_ci NULL DEFAULT NULL COMMENT '型號',
  `name` varchar(255) CHARACTER SET utf8 COLLATE utf8_general_ci NULL DEFAULT NULL COMMENT '名稱',
  `unit` varchar(255) CHARACTER SET utf8 COLLATE utf8_general_ci NULL DEFAULT NULL COMMENT '單位',
  `version` varchar(255) CHARACTER SET utf8 COLLATE utf8_general_ci NULL DEFAULT NULL COMMENT '版本',
  `step_sorter` text CHARACTER SET utf8 COLLATE utf8_general_ci NULL COMMENT '裝配排拉的分類排序',
  `package_attachments` text CHARACTER SET utf8 COLLATE utf8_general_ci NULL COMMENT '包裝規格圖片',
  `step_attachments` text CHARACTER SET utf8 COLLATE utf8_general_ci NULL COMMENT '裝配排拉圖片',
  `specification_attachment` varchar(255) CHARACTER SET utf8 COLLATE utf8_general_ci NULL DEFAULT NULL COMMENT '產品規格文件',
  `gross_weight` decimal(10, 2) NULL DEFAULT NULL COMMENT '毛重',
  `net_weight` decimal(10, 2) NULL DEFAULT NULL COMMENT '淨重',
  `package_attachment` text CHARACTER SET utf8 COLLATE utf8_general_ci NULL COMMENT '包裝規格文件',
  `weight` decimal(10, 2) NULL DEFAULT NULL COMMENT '淨淨重',
  PRIMARY KEY (`id`) USING BTREE
) ENGINE = InnoDB AUTO_INCREMENT = 3 CHARACTER SET = utf8 COLLATE = utf8_general_ci COMMENT = '產品表' ROW_FORMAT = Compact;

-- ----------------------------
-- Records of t_engineering_product
-- ----------------------------
INSERT INTO `t_engineering_product` VALUES (1, NULL, '2019-04-03 09:46:05', NULL, 'KLG2-991R', NULL, NULL, '#8147第二代電鋸,電動螺絲刀,鋼絲鋸,小型電動螺絲刀眼罩耳罩套裝-藍色版Sam\'s Club', 'S', '8147', ',\'光身成品貼貼紙打日期碼\',\'光身成品貼貼紙打日期碼\',\'包裝\'', 'engineering/product/package/1/134-394and256-244.jpeg,engineering/product/package/1/460-303and135-116.png,engineering/product/package/1/833-819and94-128.jpeg,engineering/product/package/1/278-752and239-229.png,engineering/product/package/1/1008-784and93-52.png,engineering/product/package/1/823-251and108-219.png', NULL, 'engineering/product/specification/1/KLG2-991R-8147第二代電鋸,電動螺絲刀,鋼絲鋸,小型電動螺絲刀眼罩耳罩套裝-藍色版Sam\'sClub.xls', NULL, NULL, 'engineering/product/package-attachment/1/KLG2-991R-8147第二代電鋸,電動螺絲刀,鋼絲鋸,小型電動螺絲刀眼罩耳罩套裝-藍色版Sam\'sClub.xls', NULL);
INSERT INTO `t_engineering_product` VALUES (2, NULL, '2019-05-29 16:03:56', NULL, 'AN4030', NULL, NULL, 'AN4030-暴龙BF17-9901', 'P', 'A0', ',\'包裝\'', NULL, NULL, NULL, 0.00, 0.00, NULL, 0.00);

-- ----------------------------
-- Table structure for t_engineering_product_package
-- ----------------------------
DROP TABLE IF EXISTS `t_engineering_product_package`;
CREATE TABLE `t_engineering_product_package`  (
  `id` bigint(20) NOT NULL AUTO_INCREMENT,
  `format` varchar(255) CHARACTER SET utf8 COLLATE utf8_general_ci NULL DEFAULT NULL COMMENT '規格',
  `material` varchar(255) CHARACTER SET utf8 COLLATE utf8_general_ci NULL DEFAULT NULL COMMENT '材質',
  `number` varchar(255) CHARACTER SET utf8 COLLATE utf8_general_ci NULL DEFAULT NULL COMMENT '數量',
  `remark` varchar(255) CHARACTER SET utf8 COLLATE utf8_general_ci NULL DEFAULT NULL COMMENT '備註',
  `unit` varchar(255) CHARACTER SET utf8 COLLATE utf8_general_ci NULL DEFAULT NULL COMMENT '單位',
  `part_id` bigint(20) NULL DEFAULT NULL COMMENT '包材',
  `product_id` bigint(20) NULL DEFAULT NULL COMMENT '產品',
  PRIMARY KEY (`id`) USING BTREE,
  INDEX `FKekjiqgdul2ecyhf6s4x2byq9`(`part_id`) USING BTREE,
  INDEX `FKlppuuta0rdt4y80wlbeqeglh0`(`product_id`) USING BTREE,
  CONSTRAINT `FKekjiqgdul2ecyhf6s4x2byq9` FOREIGN KEY (`part_id`) REFERENCES `t_engineering_part` (`id`) ON DELETE RESTRICT ON UPDATE RESTRICT,
  CONSTRAINT `FKlppuuta0rdt4y80wlbeqeglh0` FOREIGN KEY (`product_id`) REFERENCES `t_engineering_product` (`id`) ON DELETE RESTRICT ON UPDATE RESTRICT
) ENGINE = InnoDB AUTO_INCREMENT = 26 CHARACTER SET = utf8 COLLATE = utf8_general_ci COMMENT = '產品包裝表' ROW_FORMAT = Dynamic;

-- ----------------------------
-- Records of t_engineering_product_package
-- ----------------------------
INSERT INTO `t_engineering_product_package` VALUES (1, 'L493mmXW163mmXH377mm', '350gsm CCNB+B9 強心，4C UV油', '42PCS', '外購', NULL, 14, 1);
INSERT INTO `t_engineering_product_package` VALUES (2, 'L770mmXW655mm', '350gsm CCNB+B9 強心，4C UV油', '42PCS', '外購', NULL, 15, 1);
INSERT INTO `t_engineering_product_package` VALUES (3, 'A4', '80gsm書紙2C', '42PCS', '外購', NULL, 16, 1);
INSERT INTO `t_engineering_product_package` VALUES (4, 'L210*W75MM', '80gsm書紙1C', '42PCS', '外購', NULL, 17, 1);
INSERT INTO `t_engineering_product_package` VALUES (5, 'L33.5XW5mm', '80g超粘工業光粉紙, 4C, UV', '42PCS', '外購', NULL, 18, 1);
INSERT INTO `t_engineering_product_package` VALUES (6, 'L27.5XW12.5mm', '80g超粘工業光粉紙, 4C, UV', '42PCS', '外購', NULL, 19, 1);
INSERT INTO `t_engineering_product_package` VALUES (7, 'L22.5XW8.5mm', '80g超粘工業光粉紙, 4C, UV', '42PCS', '外購', NULL, 20, 1);
INSERT INTO `t_engineering_product_package` VALUES (8, 'L11.5XW5mm', '80g超粘工業光粉紙, 4C, UV', '42PCS', '外購', NULL, 21, 1);
INSERT INTO `t_engineering_product_package` VALUES (9, 'L7XW3.5mm', '80g超粘工業光粉紙, 4C, UV', '42PCS', '外購', NULL, 22, 1);
INSERT INTO `t_engineering_product_package` VALUES (10, '27mmX17mm', '80g超粘工業光粉紙, 4C, UV', '210PCS', '外購', NULL, 23, 1);
INSERT INTO `t_engineering_product_package` VALUES (11, 'L37mm x W13mm', '高粘性工業光粉紙, 1C, UV油', '42PCS', '外購', NULL, 24, 1);
INSERT INTO `t_engineering_product_package` VALUES (12, 'L19mmXW19mm', '高粘性光粉 4C+UV', '42PCS', '外購', NULL, 25, 1);
INSERT INTO `t_engineering_product_package` VALUES (13, 'L10mmX8mm', '高粘性光粉 4C+UV', '42PCS', '外購', NULL, 26, 1);
INSERT INTO `t_engineering_product_package` VALUES (14, 'L86XW20mm', '高粘性工業光粉紙,UV,1C', '42PCS', '外購', NULL, 218, 1);
INSERT INTO `t_engineering_product_package` VALUES (15, '詳見包裝規格', 'APET16#片', '42PCS', '外購', NULL, 28, 1);
INSERT INTO `t_engineering_product_package` VALUES (16, '170*70*20mm', 'APET#14', '42PCS', '外購', NULL, 29, 1);
INSERT INTO `t_engineering_product_package` VALUES (17, 'L332.6XW114.5CM', 'K=K', '1PCS', '外購', NULL, 30, 1);
INSERT INTO `t_engineering_product_package` VALUES (18, 'L101XW114.5CM', 'B=B', '1PCS', '外購', NULL, 31, 1);
INSERT INTO `t_engineering_product_package` VALUES (19, 'L114.5XW9.8CM', '砂管牛卡紙', '4PCS', '外購', NULL, 32, 1);
INSERT INTO `t_engineering_product_package` VALUES (20, 'L139.6XW121.5CM', 'B=B', '2PCS', '外購', NULL, 33, 1);
INSERT INTO `t_engineering_product_package` VALUES (21, 'L116.84*W96.5CM', 'B3B', '2PCS', '外購', NULL, 34, 1);
INSERT INTO `t_engineering_product_package` VALUES (22, 'L60MM*W25MM*4MM', '原色', '6PCS', '外購', NULL, 35, 1);
INSERT INTO `t_engineering_product_package` VALUES (23, 'W0.5\"', '白色', '28M', '外購', NULL, 38, 1);
INSERT INTO `t_engineering_product_package` VALUES (24, 'L45XW30mm', '高粘性工業光粉紙,UV+1C', '42PCS', '外購', NULL, 273, 1);
INSERT INTO `t_engineering_product_package` VALUES (25, '75mmx0.5mm厚', 'TPU', '168PCS', '外購', NULL, 39, 1);

-- ----------------------------
-- Table structure for t_engineering_product_part
-- ----------------------------
DROP TABLE IF EXISTS `t_engineering_product_part`;
CREATE TABLE `t_engineering_product_part`  (
  `id` bigint(20) NOT NULL AUTO_INCREMENT,
  `itemCost` decimal(10, 2) NULL DEFAULT NULL COMMENT '光身總費用',
  `number` varchar(255) CHARACTER SET utf8 COLLATE utf8_general_ci NULL DEFAULT NULL COMMENT '數量',
  `order_index` int(11) NULL DEFAULT NULL COMMENT '排序',
  `remark` varchar(255) CHARACTER SET utf8 COLLATE utf8_general_ci NULL DEFAULT NULL COMMENT '備註',
  `part_id` bigint(20) NULL DEFAULT NULL COMMENT '零件',
  `product_id` bigint(20) NULL DEFAULT NULL COMMENT '產品',
  PRIMARY KEY (`id`) USING BTREE,
  INDEX `FKd9xqyso41t1yb62ty90jv5phs`(`part_id`) USING BTREE,
  INDEX `FK1jhayktipu3l44ogwugip74p6`(`product_id`) USING BTREE,
  CONSTRAINT `FK1jhayktipu3l44ogwugip74p6` FOREIGN KEY (`product_id`) REFERENCES `t_engineering_product` (`id`) ON DELETE RESTRICT ON UPDATE RESTRICT,
  CONSTRAINT `FKd9xqyso41t1yb62ty90jv5phs` FOREIGN KEY (`part_id`) REFERENCES `t_engineering_part` (`id`) ON DELETE RESTRICT ON UPDATE RESTRICT
) ENGINE = InnoDB AUTO_INCREMENT = 44 CHARACTER SET = utf8 COLLATE = utf8_general_ci COMMENT = '產品與原輔料、零件關係表' ROW_FORMAT = Dynamic;

-- ----------------------------
-- Records of t_engineering_product_part
-- ----------------------------
INSERT INTO `t_engineering_product_part` VALUES (1, NULL, '1', 1, NULL, 1, 1);
INSERT INTO `t_engineering_product_part` VALUES (2, NULL, '1', 2, NULL, 2, 1);
INSERT INTO `t_engineering_product_part` VALUES (3, NULL, '1', 3, NULL, 3, 1);
INSERT INTO `t_engineering_product_part` VALUES (4, NULL, '1', 4, NULL, 4, 1);
INSERT INTO `t_engineering_product_part` VALUES (5, NULL, '1', 5, NULL, 5, 1);
INSERT INTO `t_engineering_product_part` VALUES (6, NULL, '1', 6, NULL, 6, 1);
INSERT INTO `t_engineering_product_part` VALUES (7, NULL, '1', 7, NULL, 7, 1);
INSERT INTO `t_engineering_product_part` VALUES (8, NULL, '1', 8, NULL, 8, 1);
INSERT INTO `t_engineering_product_part` VALUES (9, NULL, '1', 9, NULL, 9, 1);
INSERT INTO `t_engineering_product_part` VALUES (10, NULL, '1', 10, NULL, 10, 1);
INSERT INTO `t_engineering_product_part` VALUES (11, NULL, '1', 11, NULL, 11, 1);
INSERT INTO `t_engineering_product_part` VALUES (12, NULL, '1', 12, NULL, 12, 1);
INSERT INTO `t_engineering_product_part` VALUES (13, 125.61, '1', 13, NULL, 13, 1);
INSERT INTO `t_engineering_product_part` VALUES (14, NULL, '1', 1, NULL, 14, 1);
INSERT INTO `t_engineering_product_part` VALUES (15, NULL, '1', 2, NULL, 15, 1);
INSERT INTO `t_engineering_product_part` VALUES (16, NULL, '1', 3, NULL, 16, 1);
INSERT INTO `t_engineering_product_part` VALUES (17, NULL, '1', 4, NULL, 17, 1);
INSERT INTO `t_engineering_product_part` VALUES (18, NULL, '1', 5, NULL, 18, 1);
INSERT INTO `t_engineering_product_part` VALUES (19, NULL, '1', 6, NULL, 19, 1);
INSERT INTO `t_engineering_product_part` VALUES (20, NULL, '1', 7, NULL, 20, 1);
INSERT INTO `t_engineering_product_part` VALUES (21, NULL, '1', 8, NULL, 21, 1);
INSERT INTO `t_engineering_product_part` VALUES (22, NULL, '1', 9, NULL, 22, 1);
INSERT INTO `t_engineering_product_part` VALUES (23, NULL, '1', 10, NULL, 23, 1);
INSERT INTO `t_engineering_product_part` VALUES (24, NULL, '1', 11, NULL, 24, 1);
INSERT INTO `t_engineering_product_part` VALUES (25, NULL, '1', 12, NULL, 25, 1);
INSERT INTO `t_engineering_product_part` VALUES (26, NULL, '1', 13, NULL, 26, 1);
INSERT INTO `t_engineering_product_part` VALUES (27, NULL, '1', 1, NULL, 27, 1);
INSERT INTO `t_engineering_product_part` VALUES (28, NULL, '1', 1, NULL, 28, 1);
INSERT INTO `t_engineering_product_part` VALUES (29, NULL, '1', 2, NULL, 29, 1);
INSERT INTO `t_engineering_product_part` VALUES (30, NULL, '1/42', 3, NULL, 30, 1);
INSERT INTO `t_engineering_product_part` VALUES (31, NULL, '1/42', 4, NULL, 31, 1);
INSERT INTO `t_engineering_product_part` VALUES (32, NULL, '4/42', 5, NULL, 32, 1);
INSERT INTO `t_engineering_product_part` VALUES (33, NULL, '2/42', 6, NULL, 33, 1);
INSERT INTO `t_engineering_product_part` VALUES (34, NULL, '2/42', 7, NULL, 34, 1);
INSERT INTO `t_engineering_product_part` VALUES (35, NULL, '6', 9, NULL, 35, 1);
INSERT INTO `t_engineering_product_part` VALUES (36, NULL, '3', 1, NULL, 36, 1);
INSERT INTO `t_engineering_product_part` VALUES (37, NULL, '8', 2, NULL, 37, 1);
INSERT INTO `t_engineering_product_part` VALUES (38, NULL, '28/42', 3, NULL, 38, 1);
INSERT INTO `t_engineering_product_part` VALUES (39, NULL, '4', 1, NULL, 39, 1);
INSERT INTO `t_engineering_product_part` VALUES (40, NULL, '8', 2, NULL, 40, 1);
INSERT INTO `t_engineering_product_part` VALUES (41, NULL, '3', 3, NULL, 41, 1);
INSERT INTO `t_engineering_product_part` VALUES (42, NULL, '32', 4, NULL, 42, 1);
INSERT INTO `t_engineering_product_part` VALUES (43, NULL, '20', 5, NULL, 43, 1);

-- ----------------------------
-- Table structure for t_engineering_product_step
-- ----------------------------
DROP TABLE IF EXISTS `t_engineering_product_step`;
CREATE TABLE `t_engineering_product_step`  (
  `id` bigint(20) NOT NULL AUTO_INCREMENT,
  `attaction` varchar(255) CHARACTER SET utf8 COLLATE utf8_general_ci NULL DEFAULT NULL COMMENT '品質注意事項',
  `lds` decimal(10, 2) NULL DEFAULT NULL COMMENT 'lds',
  `nature` varchar(255) CHARACTER SET utf8 COLLATE utf8_general_ci NULL DEFAULT NULL COMMENT '物料性質',
  `order_index` int(11) NULL DEFAULT NULL COMMENT 'order_index',
  `perlds` decimal(10, 2) NULL DEFAULT NULL COMMENT 'perlds',
  `process` varchar(255) CHARACTER SET utf8 COLLATE utf8_general_ci NULL DEFAULT NULL COMMENT '工藝：包裝、裝配',
  `station` varchar(255) CHARACTER SET utf8 COLLATE utf8_general_ci NULL DEFAULT NULL COMMENT '工位',
  `step` varchar(255) CHARACTER SET utf8 COLLATE utf8_general_ci NULL DEFAULT NULL COMMENT 'step',
  `tool` varchar(255) CHARACTER SET utf8 COLLATE utf8_general_ci NULL DEFAULT NULL COMMENT '夾具類別',
  `tool_number` varchar(255) CHARACTER SET utf8 COLLATE utf8_general_ci NULL DEFAULT NULL COMMENT '夾具用量',
  `type` varchar(255) CHARACTER SET utf8 COLLATE utf8_general_ci NULL DEFAULT NULL COMMENT '裝配類別',
  `worker` decimal(10, 2) NULL DEFAULT NULL COMMENT 'worker',
  `product_id` bigint(20) NULL DEFAULT NULL COMMENT '產品',
  PRIMARY KEY (`id`) USING BTREE,
  INDEX `FKs9hgn75quicepfrkrxywm933d`(`product_id`) USING BTREE,
  CONSTRAINT `FKs9hgn75quicepfrkrxywm933d` FOREIGN KEY (`product_id`) REFERENCES `t_engineering_product` (`id`) ON DELETE RESTRICT ON UPDATE RESTRICT
) ENGINE = InnoDB AUTO_INCREMENT = 75 CHARACTER SET = utf8 COLLATE = utf8_general_ci COMMENT = '產品-排位表' ROW_FORMAT = Dynamic;

-- ----------------------------
-- Records of t_engineering_product_step
-- ----------------------------
INSERT INTO `t_engineering_product_step` VALUES (1, '位置跟辦，具體內容跟內部訂單', 10.00, '啤件', 1, 10.00, NULL, NULL, '電池蓋打日期碼', '上攻+底模', '1', '光身成品貼貼紙打日期碼', 1.00, 1);
INSERT INTO `t_engineering_product_step` VALUES (2, '貼在電池箱凹坑內（具體跟辦）', 10.00, '半成品+外購', 2, 10.00, NULL, NULL, '電池蓋貼Klein貼紙(ASTM版)', NULL, NULL, '光身成品貼貼紙打日期碼', 1.00, 1);
INSERT INTO `t_engineering_product_step` VALUES (3, '不能刮伤电池', 20.00, '半成品', 3, 10.00, NULL, NULL, '拆電池／裝電池', NULL, NULL, '光身成品貼貼紙打日期碼', 2.00, 1);
INSERT INTO `t_engineering_product_step` VALUES (4, '用假電池，4.5VDC，工作電流小於250MA,牙箱聲音均勻，燈亮，左/右轉及高低速功能均要OK', 24.00, '半成品', 4, 12.00, NULL, NULL, '電池箱裝入大身試功能', '穩壓電源', '1', '光身成品貼貼紙打日期碼', 2.00, 1);
INSERT INTO `t_engineering_product_step` VALUES (5, '外表不能有污跡，潤滑油', 10.00, '半成品', 5, 10.00, NULL, NULL, '外觀清潔', NULL, NULL, '光身成品貼貼紙打日期碼', 1.00, 1);
INSERT INTO `t_engineering_product_step` VALUES (6, '貼在相應框內，不可超出框外(具體跟辦)', 20.00, '半成品+外購', 6, 10.00, NULL, NULL, '貼左身及變速貼貼紙', NULL, NULL, '光身成品貼貼紙打日期碼', 2.00, 1);
INSERT INTO `t_engineering_product_step` VALUES (7, '貼在頂部的兩凹坑內（具體跟辦）', 20.00, '半成品+外購', 7, 10.00, NULL, NULL, '貼大/小三角形貼紙', NULL, NULL, '光身成品貼貼紙打日期碼', 2.00, 1);
INSERT INTO `t_engineering_product_step` VALUES (8, '貼在相應凹坑內（具體跟辦）', 22.00, '半成品+外購', 8, 11.00, NULL, NULL, '貼油量及燈罩貼紙', NULL, NULL, '光身成品貼貼紙打日期碼', 2.00, 1);
INSERT INTO `t_engineering_product_step` VALUES (9, '裝到位扣住', 12.00, '半成品', 9, 12.00, NULL, NULL, '尖頭\"十\"字螺絲刀裝上大身', NULL, NULL, '光身成品貼貼紙打日期碼', 1.00, 1);
INSERT INTO `t_engineering_product_step` VALUES (10, '要戴白色手套，不能擦花镜片', 10.00, '啤件', 1, 10.00, NULL, NULL, '眼罩框装眼罩镜片', NULL, NULL, '光身成品貼貼紙打日期碼', 1.00, 1);
INSERT INTO `t_engineering_product_step` VALUES (11, '要戴白色手套，不能擦花镜\n片,不能烫伤胶件', 24.00, '啤件', 2, 12.00, NULL, NULL, '热烫眼罩框', NULL, NULL, '光身成品貼貼紙打日期碼', 2.00, 1);
INSERT INTO `t_engineering_product_step` VALUES (12, '不能穿错位置', 20.00, '啤件+外购', 3, 10.00, NULL, NULL, '黑色松缩带穿扣', NULL, NULL, '光身成品貼貼紙打日期碼', 2.00, 1);
INSERT INTO `t_engineering_product_step` VALUES (13, '车缝两次，并剪线头', 10.00, '啤件+外购', 4, 10.00, NULL, NULL, '车缝', NULL, NULL, '光身成品貼貼紙打日期碼', 1.00, 1);
INSERT INTO `t_engineering_product_step` VALUES (14, '不能穿错位置,穿反方向', 20.00, '啤件+外购', 5, 10.00, NULL, NULL, '黑色松缩带穿眼罩', NULL, NULL, '光身成品貼貼紙打日期碼', 2.00, 1);
INSERT INTO `t_engineering_product_step` VALUES (15, '车缝两次，并剪线头', 10.00, '啤件+外购', 6, 10.00, NULL, NULL, '车缝', NULL, NULL, '光身成品貼貼紙打日期碼', 1.00, 1);
INSERT INTO `t_engineering_product_step` VALUES (16, '贴纸要粘稳', 10.00, '外购', 7, 10.00, NULL, NULL, 'Klein貼紙(ASTM版)', NULL, NULL, '光身成品貼貼紙打日期碼', 1.00, 1);
INSERT INTO `t_engineering_product_step` VALUES (17, '贴纸要粘稳', 10.00, '外购', 8, 10.00, NULL, NULL, '贴警告语贴纸A', NULL, NULL, '光身成品貼貼紙打日期碼', 1.00, 1);
INSERT INTO `t_engineering_product_step` VALUES (18, '胶水不能外露', 10.00, '啤件+外購', 1, 10.00, NULL, NULL, '耳罩内外壳点MEK胶水装配', NULL, NULL, '光身成品貼貼紙打日期碼', 1.00, 1);
INSERT INTO `t_engineering_product_step` VALUES (19, NULL, 12.00, '啤件', 2, 12.00, NULL, NULL, '左耳罩超声', NULL, NULL, '光身成品貼貼紙打日期碼', 1.00, 1);
INSERT INTO `t_engineering_product_step` VALUES (20, NULL, 12.00, '啤件', 3, 12.00, NULL, NULL, '右耳罩超声', NULL, NULL, '光身成品貼貼紙打日期碼', 1.00, 1);
INSERT INTO `t_engineering_product_step` VALUES (21, '位置要正', 20.00, '啤件+外購', 4, 10.00, NULL, NULL, '耳罩用双面胶粘EVA', NULL, NULL, '光身成品貼貼紙打日期碼', 2.00, 1);
INSERT INTO `t_engineering_product_step` VALUES (22, '要装到位', 8.00, '啤件', 5, 8.00, NULL, NULL, '耳罩带装左右耳罩', NULL, NULL, '光身成品貼貼紙打日期碼', 1.00, 1);
INSERT INTO `t_engineering_product_step` VALUES (23, '位置要贴正', 8.00, '外購', 6, 8.00, NULL, NULL, '耳罩贴3国文', NULL, NULL, '光身成品貼貼紙打日期碼', 1.00, 1);
INSERT INTO `t_engineering_product_step` VALUES (24, '位置要贴正', 8.00, '外購', 7, 8.00, NULL, NULL, '耳罩贴商标贴纸ASTM版', NULL, NULL, '光身成品貼貼紙打日期碼', 1.00, 1);
INSERT INTO `t_engineering_product_step` VALUES (25, '表面要清洁干净', 10.00, '成品', 8, 10.00, NULL, NULL, '清洁表面', NULL, NULL, '光身成品貼貼紙打日期碼', 1.00, 1);
INSERT INTO `t_engineering_product_step` VALUES (26, '检查装配位置是否装到位，\n表面不能有污脏', 10.00, '成品', 9, 10.00, NULL, NULL, '检查/排盆', NULL, NULL, '光身成品貼貼紙打日期碼', 1.00, 1);
INSERT INTO `t_engineering_product_step` VALUES (27, '不能刮伤电池', 20.00, '半成品', 1, 10.00, NULL, NULL, '拆電池／裝電池', NULL, NULL, '光身成品貼貼紙打日期碼', 2.00, 1);
INSERT INTO `t_engineering_product_step` VALUES (28, '功能要良好', 12.00, '半成品', 2, 12.00, NULL, NULL, '光身成品試功能', NULL, NULL, '光身成品貼貼紙打日期碼', 1.00, 1);
INSERT INTO `t_engineering_product_step` VALUES (29, '3X8PM半機牙螺絲先穿入電池蓋，再將PET介子穿入螺絲', 12.00, '膠件+五金', 3, 12.00, NULL, NULL, '電池門打螺絲', '底模', '1PC', '光身成品貼貼紙打日期碼', 1.00, 1);
INSERT INTO `t_engineering_product_step` VALUES (30, '螺絲打緊且不能打滑。', 10.00, '膠件+五金', 4, 10.00, NULL, NULL, '電池門裝上半成品并打螺絲', '電批', '1', '光身成品貼貼紙打日期碼', 1.00, 1);
INSERT INTO `t_engineering_product_step` VALUES (31, '外表不能有污跡，潤滑油', 10.00, '半成品', 5, 10.00, NULL, NULL, '外觀清潔', NULL, NULL, '光身成品貼貼紙打日期碼', 1.00, 1);
INSERT INTO `t_engineering_product_step` VALUES (32, '貼在喇叭罩底部（具體跟辦）', 10.00, '半成品+外購', 6, 10.00, NULL, NULL, '底部貼Klein貼紙/FCC貼紙', NULL, NULL, '光身成品貼貼紙打日期碼', 1.00, 1);
INSERT INTO `t_engineering_product_step` VALUES (33, '旋鈕有嘀嘀響聲', 12.00, '半成品', 7, 12.00, NULL, NULL, '試大小旋鈕并檢查外觀', NULL, NULL, '光身成品貼貼紙打日期碼', 1.00, 1);
INSERT INTO `t_engineering_product_step` VALUES (34, '打在喇叭罩底部，位置跟辦，具體內容跟內部訂單', 10.00, '半成品', 8, 10.00, NULL, NULL, '大身底部打日期碼', '底模', '1', '光身成品貼貼紙打日期碼', 1.00, 1);
INSERT INTO `t_engineering_product_step` VALUES (35, '不能刮伤电池', 20.00, '半成品', 1, 10.00, NULL, NULL, '拆電池／裝電池', NULL, NULL, '光身成品貼貼紙打日期碼', 2.00, 1);
INSERT INTO `t_engineering_product_step` VALUES (36, '功能要良好', 10.00, '半成品', 2, 10.00, NULL, NULL, '光身成品試功能', NULL, NULL, '光身成品貼貼紙打日期碼', 1.00, 1);
INSERT INTO `t_engineering_product_step` VALUES (37, '包膠蓋要裝到位', 22.00, '啤件', 3, 11.00, NULL, NULL, '裝手柄包膠蓋', NULL, NULL, '光身成品貼貼紙打日期碼', 2.00, 1);
INSERT INTO `t_engineering_product_step` VALUES (38, '要打到位，不能打滑牙', 10.00, '啤件+五金', 4, 10.00, NULL, NULL, '包膠蓋打螺絲', NULL, NULL, '光身成品貼貼紙打日期碼', 1.00, 1);
INSERT INTO `t_engineering_product_step` VALUES (39, '要裝到位', 10.00, '啤件', 5, 10.00, NULL, NULL, '裝透明罩', NULL, NULL, '光身成品貼貼紙打日期碼', 1.00, 1);
INSERT INTO `t_engineering_product_step` VALUES (40, '要打到位，不能打滑牙', 10.00, '啤件+五金', 6, 10.00, NULL, NULL, '透明罩打螺絲', NULL, NULL, '光身成品貼貼紙打日期碼', 1.00, 1);
INSERT INTO `t_engineering_product_step` VALUES (41, '要貼正，貼在F37下方', 10.00, '外購', 7, 10.00, NULL, NULL, '貼  Klein貼紙(ASTM版)', NULL, NULL, '光身成品貼貼紙打日期碼', 1.00, 1);
INSERT INTO `t_engineering_product_step` VALUES (42, '不能漏裝介子', 10.00, '啤件+五金', 8, 10.00, NULL, NULL, '電池門打螺絲/PET介子等', NULL, NULL, '光身成品貼貼紙打日期碼', 1.00, 1);
INSERT INTO `t_engineering_product_step` VALUES (43, '要打到位，不能打滑牙', 10.00, '半成品', 9, 10.00, NULL, NULL, '電池門裝入光身', NULL, NULL, '光身成品貼貼紙打日期碼', 1.00, 1);
INSERT INTO `t_engineering_product_step` VALUES (44, '字體要清晰', 10.00, '半成品', 10, 10.00, NULL, NULL, '大身底打日期碼', NULL, NULL, '光身成品貼貼紙打日期碼', 1.00, 1);
INSERT INTO `t_engineering_product_step` VALUES (45, '不能刮伤电池', 20.00, '半成品', 1, 10.00, NULL, NULL, '拆電池／裝電池', NULL, NULL, '光身成品貼貼紙打日期碼', 2.00, 1);
INSERT INTO `t_engineering_product_step` VALUES (46, '功能要OK，正反轉要符合要求', 20.00, '半成品', 2, 10.00, NULL, NULL, '柱形批頭入半成品并試功能', NULL, NULL, '光身成品貼貼紙打日期碼', 2.00, 1);
INSERT INTO `t_engineering_product_step` VALUES (47, '日期碼內容和位置要符合客人要求', 9.00, '半成品', 3, 9.00, NULL, NULL, '打日期碼', '字碼', '1', '光身成品貼貼紙打日期碼', 1.00, 1);
INSERT INTO `t_engineering_product_step` VALUES (48, '不能漏裝PET介子', 11.00, '半成品+外購', 4, 11.00, NULL, NULL, '上電池門螺絲及PET介子', '電批', '1', '光身成品貼貼紙打日期碼', 1.00, 1);
INSERT INTO `t_engineering_product_step` VALUES (49, '電池門要裝到位', 11.00, '半成品+外購', 5, 11.00, NULL, NULL, '電池門裝入半成品', '電批', '1', '光身成品貼貼紙打日期碼', 1.00, 1);
INSERT INTO `t_engineering_product_step` VALUES (50, '表面不能有潤滑油', 9.00, '半成品', 6, 9.00, NULL, NULL, '表面清潔', NULL, NULL, '光身成品貼貼紙打日期碼', 1.00, 1);
INSERT INTO `t_engineering_product_step` VALUES (51, '貼紙要貼牢，不能有起泡或翹起', 8.00, '半成品+外購', 7, 8.00, NULL, NULL, '貼油箱貼紙', NULL, NULL, '光身成品貼貼紙打日期碼', 1.00, 1);
INSERT INTO `t_engineering_product_step` VALUES (52, '貼紙要貼牢，不能有起泡或翹起', 8.00, '半成品+外購', 8, 8.00, NULL, NULL, '貼歐洲貼紙', NULL, NULL, '光身成品貼貼紙打日期碼', 1.00, 1);
INSERT INTO `t_engineering_product_step` VALUES (53, '按要求扎位穿好', 24.00, '半成品+外購', 1, 24.00, NULL, NULL, '索帶穿扎线牌11PCS', NULL, NULL, '包裝', 1.00, 1);
INSERT INTO `t_engineering_product_step` VALUES (54, NULL, 20.00, '半成品+外購', 2, 20.00, NULL, NULL, '内咭清理孔废纸', NULL, NULL, '包裝', 1.00, 1);
INSERT INTO `t_engineering_product_step` VALUES (55, '位置跟樣辦，裝配孔內，膠紙壓實，', 40.00, '半成品+外購', 3, 20.00, NULL, NULL, '4個批頭入吸塑/内托粘上內咭', '膠紙機', '2', '包裝', 2.00, 1);
INSERT INTO `t_engineering_product_step` VALUES (56, '外觀良好', 20.00, '半成品', 4, 20.00, NULL, NULL, '清潔/檢查手套/小型电动螺丝刀', NULL, NULL, '包裝', 1.00, 1);
INSERT INTO `t_engineering_product_step` VALUES (57, '要打双条', 22.00, '半成品', 5, 11.00, NULL, NULL, '小型電動螺絲刀/手套打胶针', '胶针机', '1', '包裝', 2.00, 1);
INSERT INTO `t_engineering_product_step` VALUES (58, '要貼實', 18.00, '半成品', 6, 18.00, NULL, NULL, '小吸塑貼入內卡', NULL, NULL, '包裝', 1.00, 1);
INSERT INTO `t_engineering_product_step` VALUES (59, '外觀良好', 24.00, '半成品', 7, 24.00, NULL, NULL, '清潔眼罩/耳罩', NULL, NULL, '包裝', 1.00, 1);
INSERT INTO `t_engineering_product_step` VALUES (60, '需綁緊，半成品不能掉出', 20.00, '半成品', 8, 20.00, NULL, NULL, '眼罩綁在內卡上', NULL, NULL, '包裝', 1.00, 1);
INSERT INTO `t_engineering_product_step` VALUES (61, '需扎緊，半成品不能掉出', 40.00, '半成品', 9, 20.00, NULL, NULL, '耳罩扎在內卡上', NULL, NULL, '包裝', 2.00, 1);
INSERT INTO `t_engineering_product_step` VALUES (62, '外觀良好', 20.00, '半成品', 10, 20.00, NULL, NULL, '清潔電鋸/鋼絲鋸', NULL, NULL, '包裝', 1.00, 1);
INSERT INTO `t_engineering_product_step` VALUES (63, '需扎緊，半成品不能掉出', 60.00, '半成品', 11, 20.00, NULL, NULL, '電鋸扎在內卡上', NULL, NULL, '包裝', 3.00, 1);
INSERT INTO `t_engineering_product_step` VALUES (64, '需扎緊，半成品不能掉出', 40.00, '半成品', 12, 20.00, NULL, NULL, '鋼絲鋸裝在內卡上', NULL, NULL, '包裝', 2.00, 1);
INSERT INTO `t_engineering_product_step` VALUES (65, '外觀良好', 11.00, '半成品', 13, 11.00, NULL, NULL, '清潔電動螺絲刀', NULL, NULL, '包裝', 1.00, 1);
INSERT INTO `t_engineering_product_step` VALUES (66, '需扎緊，半成品不能掉出', 60.00, '半成品', 14, 20.00, NULL, NULL, '電動螺絲刀扎在內卡上', NULL, NULL, '包裝', 3.00, 1);
INSERT INTO `t_engineering_product_step` VALUES (67, '按虛線折好，膠紙貼緊', 48.00, '半成品', 15, 24.00, NULL, NULL, '內卡貼4條透明膠紙', '膠紙機', '2', '包裝', 2.00, 1);
INSERT INTO `t_engineering_product_step` VALUES (68, '日期碼跟PO，字體清淅', 26.00, '半成品', 16, 26.00, NULL, NULL, '彩盒打日期碼/折彩盒底', '手啤機', '1', '包裝', 1.00, 1);
INSERT INTO `t_engineering_product_step` VALUES (69, '要裝到位', 23.00, '成品', 17, 23.00, NULL, NULL, '成品裝入彩盒', NULL, NULL, '包裝', 1.00, 1);
INSERT INTO `t_engineering_product_step` VALUES (70, '要裝到位', 23.00, '成品', 18, 23.00, NULL, NULL, '折說明書2张并放入彩盒', NULL, NULL, '包裝', 1.00, 1);
INSERT INTO `t_engineering_product_step` VALUES (71, '封好彩盒面，中間貼一條透明膠紙', 23.00, '成品', 19, 23.00, NULL, NULL, '蓋彩盒蓋', '膠紙機', '1', '包裝', 1.00, 1);
INSERT INTO `t_engineering_product_step` VALUES (72, '成品外觀良好，半成品綁緊', 23.00, '成品', 20, 23.00, NULL, NULL, '成品檢查', NULL, NULL, '包裝', 1.00, 1);
INSERT INTO `t_engineering_product_step` VALUES (73, '胶袋套在圓鋸手柄上', 20.00, '成品', 21, 20.00, NULL, NULL, '摆彩盒/装胶袋', NULL, NULL, '包裝', 1.00, 1);
INSERT INTO `t_engineering_product_step` VALUES (74, '按工程要求', 96.00, '成品', 22, 24.00, NULL, NULL, '封箱/装箱/写箱号/外箱贴纸/打帶/摆箱', NULL, NULL, '包裝', 4.00, 1);

-- ----------------------------
-- Table structure for t_engineering_tool
-- ----------------------------
DROP TABLE IF EXISTS `t_engineering_tool`;
CREATE TABLE `t_engineering_tool`  (
  `id` bigint(20) NOT NULL AUTO_INCREMENT,
  `cav` decimal(10, 0) NULL DEFAULT NULL COMMENT '件',
  `code` varchar(255) CHARACTER SET utf8 COLLATE utf8_general_ci NULL DEFAULT NULL COMMENT '模號',
  `color` varchar(255) CHARACTER SET utf8 COLLATE utf8_general_ci NULL DEFAULT NULL COMMENT '顏色',
  `cyc_time` int(11) NULL DEFAULT NULL COMMENT '週期',
  `gross_weight` decimal(10, 2) NULL DEFAULT NULL COMMENT '毛重',
  `loss` decimal(10, 2) NULL DEFAULT NULL COMMENT '损耗率',
  `material` varchar(255) CHARACTER SET utf8 COLLATE utf8_general_ci NULL DEFAULT NULL COMMENT '原料',
  `mvc_type` varchar(255) CHARACTER SET utf8 COLLATE utf8_general_ci NULL DEFAULT NULL COMMENT '機型',
  `name` varchar(255) CHARACTER SET utf8 COLLATE utf8_general_ci NULL DEFAULT NULL COMMENT '名稱',
  `net_weight` decimal(10, 2) NULL DEFAULT NULL COMMENT '淨重',
  `nozzle` varchar(255) CHARACTER SET utf8 COLLATE utf8_general_ci NULL DEFAULT NULL COMMENT '水口',
  `nozzle_percent` decimal(10, 0) NULL DEFAULT NULL COMMENT '水口比例',
  `pigment` varchar(255) CHARACTER SET utf8 COLLATE utf8_general_ci NULL DEFAULT NULL COMMENT '色粉',
  `pigment_producer` varchar(255) CHARACTER SET utf8 COLLATE utf8_general_ci NULL DEFAULT NULL COMMENT '色粉生產商',
  `producer` varchar(255) CHARACTER SET utf8 COLLATE utf8_general_ci NULL DEFAULT NULL COMMENT '生產商',
  `remark` varchar(255) CHARACTER SET utf8 COLLATE utf8_general_ci NULL DEFAULT NULL COMMENT '備註',
  `up` decimal(10, 0) NULL DEFAULT NULL COMMENT '套',
  `worker` int(11) NULL DEFAULT NULL COMMENT '工人數',
  PRIMARY KEY (`id`) USING BTREE,
  UNIQUE INDEX `UK_9f8edmxgp36ancr1mqn1epqcu`(`code`) USING BTREE
) ENGINE = InnoDB AUTO_INCREMENT = 42 CHARACTER SET = utf8 COLLATE = utf8_general_ci COMMENT = '模具' ROW_FORMAT = Dynamic;

-- ----------------------------
-- Records of t_engineering_tool
-- ----------------------------
INSERT INTO `t_engineering_tool` VALUES (1, 2, '8567-M01', '藍色', 32, 84.30, NULL, 'ABS PA-757', '8A', '大身左/右', 78.60, '19837ABS', 10, '19837', '遠洋', '奇美', NULL, 1, 1);
INSERT INTO `t_engineering_tool` VALUES (2, 2, '8567-M02', '黑色', 45, 16.80, NULL, 'TPR4002-60A', '8A', '大身左/右（包膠）', 10.50, NULL, 0, '黑種', '遠洋', 'CONCORD', NULL, 1, 2);
INSERT INTO `t_engineering_tool` VALUES (3, 6, '8567-M03', '黑色', 32, 38.20, NULL, 'ABS PA-757', '6A', '轉動頭等', 31.90, NULL, 20, '黑種', '遠洋', '奇美', NULL, 1, 1);
INSERT INTO `t_engineering_tool` VALUES (4, 10, '8567-M04', '紅色', 28, 24.90, NULL, 'ABS PA-757', '6A', '轉速鈕,開關制等', 15.20, NULL, 50, 'S11732', '彩隆', '奇美', NULL, 2, 2);
INSERT INTO `t_engineering_tool` VALUES (5, 3, '8567-M05', '黑色', 30, 64.30, NULL, 'ABS PA-757', '6A', '電池箱', 53.40, NULL, 20, '黑種', '彩隆', '奇美', NULL, 1, 1);
INSERT INTO `t_engineering_tool` VALUES (6, 8, '8567-M06', '透明', 25, 5.60, NULL, '透明ABS 557', '4A', '#8567電動螺絲刀燈罩', 2.00, NULL, 30, '/', '/', 'LG', NULL, 8, 2);
INSERT INTO `t_engineering_tool` VALUES (7, 8, '8567-M07', '原色', 25, 32.60, NULL, 'POM 090', '4A', '齒輪,響片等', 10.75, NULL, 30, '/', '/', '台灣纖維', NULL, 1, 1);
INSERT INTO `t_engineering_tool` VALUES (8, 8, 'KL-007', '銀色', 35, 33.50, NULL, 'ABS757', '4A', '螺絲刀', 28.50, 'S9217AABS', 15, 'S9217', '彩隆', '奇美', '新開模', 2, 1);
INSERT INTO `t_engineering_tool` VALUES (9, 8, 'KL-008', '銀色', 20, 13.20, NULL, 'ABS757', '4A', '8402螺絲刀頭配件', 8.20, 'S9217AABS', 40, 'S9217', '彩隆', '奇美', 'KL03-903R         KL03-904R     KL03-905R    KL03-906R', 2, 1);
INSERT INTO `t_engineering_tool` VALUES (10, 3, 'KL-041', '藍色', 45, 139.00, NULL, 'ABS PA-757', '20A', '大身左/右，螺絲定位件', 115.80, '19837ABS', 20, '19837', '遠洋', '奇美', NULL, 1, 1);
INSERT INTO `t_engineering_tool` VALUES (11, 2, 'KL-042', '黑色', 26, 8.30, NULL, 'ABS PA-757', '6A', '#8399新款電鋸后手柄', 6.40, '黑種ABS水口', 35, '黑種', NULL, '奇美', NULL, 2, 1);
INSERT INTO `t_engineering_tool` VALUES (12, 2, 'KL-043', '黑色', 45, 26.70, NULL, 'TPR-4002-60A', '6A', '#8399新款電鋸后手柄（包膠）', 16.80, '黑種TPR水口', 20, '黑種', NULL, '毫豐', '啤出后入定形模定形，需排小膠盆，像左圖這樣放，不可疊起來，一盆只能放一層', 2, 1);
INSERT INTO `t_engineering_tool` VALUES (13, 3, 'KL-044', '銀色', 30, 66.00, NULL, 'ABS PA-757', '6A', '#8399新款電鋸鋸片，鋸齒', 57.70, 'S19836ABS', 15, '19836', '遠洋', '奇美', NULL, 1, 1);
INSERT INTO `t_engineering_tool` VALUES (14, 1, 'KL-045', '銀色', 40, 10.20, NULL, 'TPE 2103-60A', '6A', '#8399新款電鋸鋸鏈(新料)', 4.80, 'S9322ATPR', 0, 'S9322', '彩隆', '毫豐', '啤出後每條鋸鏈需浸循環凍水，完全冷卻後剪去水口，套在PVC圓筒上,每個圓筒套24條,跟左圖方法排小膠盆，每盆放5個圓筒.', 1, 1);
INSERT INTO `t_engineering_tool` VALUES (15, 3, 'KL-046', '透明', 28, 21.60, NULL, '透明ABS 557', '4A', '燈片，牙箱面/底', 16.80, 'TABS557AB', 25, '/', NULL, 'LG', NULL, 1, 1);
INSERT INTO `t_engineering_tool` VALUES (16, 5, 'KL-047', '黑色', 35, 88.00, NULL, 'ABS PA-757', '8A', '電池箱,喇叭罩等', 76.70, '黑種ABS水口', 15, '黑種', NULL, '奇美', NULL, 1, 1);
INSERT INTO `t_engineering_tool` VALUES (17, 5, 'KL-048', '黑色', 28, 43.00, NULL, 'ABS PA-757', '6A', '鋸片蓋,大旋鈕,螺絲等', 37.90, '黑種ABS水口', 15, '黑種', NULL, '奇美', NULL, 1, 1);
INSERT INTO `t_engineering_tool` VALUES (18, 5, 'KL-049', '黑色', 30, 52.00, NULL, 'PP BJ550', '10A', '手柄前/后,護手等', 43.40, '黑種PP水口', 20, '黑種', NULL, '三星', NULL, 1, 2);
INSERT INTO `t_engineering_tool` VALUES (19, 6, 'KL-050', '紅色', 28, 31.30, NULL, 'ABS PA-757', '6A', '電池蓋,小旋鈕,開關制等', 27.20, 'S11732ABS', 15, 'S11732', '彩隆', '奇美', NULL, 1, 1);
INSERT INTO `t_engineering_tool` VALUES (20, 15, 'KL-051', '原色', 25, 38.50, NULL, 'POM 090', '6A', '齒輪,響片等', 8.50, '原色POM水口', 50, '/', '/', '台灣纖維', NULL, 1, 3);
INSERT INTO `t_engineering_tool` VALUES (21, 1, '315986', '銀灰色', 48, 32.00, NULL, 'HDPE-HMA016', '8A', '耳罩帶', 26.00, 'S43884HDP', 19, 'S43884', '彩隆', '嘉旋國際', '和KL01-9002共用', 1, 2);
INSERT INTO `t_engineering_tool` VALUES (22, 4, '315987', '藍色', 47, 48.00, NULL, 'ABS PA-757', '8A', '藍色耳罩內殼/外殼', 39.00, 'MS30689AB', 19, 'MS30689', '彩隆', '奇美', NULL, 1, 1);
INSERT INTO `t_engineering_tool` VALUES (23, 1, '315986A', '銀灰色', 48, 28.60, NULL, 'HDPE-HMA016', '8A', '耳罩帶', 26.60, 'S43884HDP', 19, 'S43884', '彩隆', '嘉旋國際', '新模', 1, 2);
INSERT INTO `t_engineering_tool` VALUES (24, 3, 'KL-027', '藍色', 30, 41.10, NULL, 'ABS PA757', '8A', '大身，電池箱等', 33.90, '19837ABS', 15, '19837', '遠洋', '奇美', NULL, 1, 1);
INSERT INTO `t_engineering_tool` VALUES (25, 4, 'KL-028', '藍色', 28, 18.80, NULL, 'ABS PA757', '4A', '電池門', 13.90, '19837ABS', 15, '19837', '遠洋', '奇美', '', 4, 1);
INSERT INTO `t_engineering_tool` VALUES (26, 2, 'KL-029', '黑色', 65, 12.50, NULL, 'TPR 4002-60A', '4A或3.5A立式', '8300包膠電池門', 6.40, '黑種', 50, '黑種', '彩隆', 'CONCORD', '注：KL-029模具，在啤塑時需將KL-028模具中的8300電池門（KL06A004R)擺入模呵中再包膠', 2, 2);
INSERT INTO `t_engineering_tool` VALUES (27, 4, 'KL-030', '黑色', 25, 16.60, NULL, 'ABS PA757', '4A', '8300前蓋', 13.20, '', 50, '黑種', '彩隆', '奇美', '', 4, 1);
INSERT INTO `t_engineering_tool` VALUES (28, 8, 'KL-031', '原色', 25, 7.80, NULL, 'POM 090', '6A', '8300齒輪，C形圈等', 1.30, '/', 20, '/', '/', '台灣纖維', '啤塑時要注意尺寸穩定，請QC多留意并核對重點位置尺寸', 1, 2);
INSERT INTO `t_engineering_tool` VALUES (29, 8, 'KL-032', '紅色', 30, 15.00, NULL, 'ABS PA757', '6A', '8300紅色按制等', 9.50, 'S11732ABS', 40, 'S11732', '彩隆', '奇美', '', 2, 1);
INSERT INTO `t_engineering_tool` VALUES (30, 8, '315838', '銀色', 28, 11.30, NULL, 'ABS PA757', '4A', '螺絲批頭', 7.20, 'S9216AABS', 40, 'S9216', '彩隆', '奇美', 'KL06 901R /KL07 901R /KL08 9001 (#8251,#8602和#8209三款公用）', 2, 1);
INSERT INTO `t_engineering_tool` VALUES (31, 2, 'KL-003\n315984', '黄色', 44, 51.70, NULL, 'PP BJ550', '8A', '眼罩框', 50.50, 'S20059APP', 4, 'S20059', '彩隆', 'Exxonmobil', '和KL02-9002共用', 2, 1);
INSERT INTO `t_engineering_tool` VALUES (32, 4, 'KL-004\n315985', '透明', 35, 24.00, NULL, 'KR03NW', '8A', '眼罩鏡片/扣', 19.00, '/', 0, '/', '/', NULL, '和KL02-9002共用', 2, 1);
INSERT INTO `t_engineering_tool` VALUES (33, 2, '8379-01', '黑色', 28, 32.60, NULL, 'ABS PA-757', '16.8A', '手柄', 25.32, '黑种', 20, '黑種', '彩隆', '奇美', NULL, 2, 1);
INSERT INTO `t_engineering_tool` VALUES (34, 2, '8379-.02', '黑色', 60, 43.49, NULL, 'TPR-4002-60A', '16.8A', '包膠手柄', 30.66, '黑種TPR水口', 20, '黑種', NULL, '毫豐', '啤出后排小盆,不可疊起來', 2, 1);
INSERT INTO `t_engineering_tool` VALUES (35, 2, '8379-03', '藍色', 40, 147.00, NULL, 'ABS PA-757', '12.6A', '大身左右', 117.87, '19837ABS', 20, '19837', '遠洋', '奇美', '電池蓋與大身組裝半品排盆轉噴油移印部', 1, 1);
INSERT INTO `t_engineering_tool` VALUES (36, 3, '8379-04', '銀色', 28, 27.27, NULL, 'ABS PA-757', '8.1A', '鋸面底及底板等', 20.48, 'S9217AABS', 30, 'S9217', '彩隆', '奇美', NULL, 1, 1);
INSERT INTO `t_engineering_tool` VALUES (37, 2, '8379-05', '透明', 26, 9.75, NULL, '透明ABS 557', '4.9A', '透明罩等', 7.87, 'TABS557AB', 25, '/', NULL, 'LG', NULL, 1, NULL);
INSERT INTO `t_engineering_tool` VALUES (38, 5, '8379-06', '紅色', 28, 18.81, NULL, 'ABS PA-757', '4.9A', '按制開關尺等', 14.49, 'S11732ABS', 15, 'S11732', '彩隆', '奇美', NULL, 1, 1);
INSERT INTO `t_engineering_tool` VALUES (39, 7, '8379-07', '藍色', 28, 13.98, NULL, 'ABS PA-757', '4.9A', '電池蓋連桿等', 10.72, '19837ABS', 30, '19837', '彩隆', '奇美', '電池蓋剪掉水口轉移印', 1, 1);
INSERT INTO `t_engineering_tool` VALUES (40, 3, '8379-08', '黑色', 26, 22.52, NULL, 'ABS PA-757', '4.9A', '牙箱面底等', 20.19, '黑种', 20, '黑種', '彩隆', '奇美', NULL, 1, 1);
INSERT INTO `t_engineering_tool` VALUES (41, 8, '8379-09', '原色', 32, 26.74, NULL, 'POM 090', '8.1A', '牙仔等', 1.82, '原色POM水口', 50, '/', '/', '台灣纖維', NULL, 2, 1);

-- ----------------------------
-- Table structure for t_engineering_tool_part
-- ----------------------------
DROP TABLE IF EXISTS `t_engineering_tool_part`;
CREATE TABLE `t_engineering_tool_part`  (
  `id` bigint(20) NOT NULL AUTO_INCREMENT,
  `cav` decimal(10, 0) NULL DEFAULT NULL COMMENT '件',
  `material` varchar(255) CHARACTER SET utf8 COLLATE utf8_general_ci NULL DEFAULT NULL COMMENT '物料',
  `number` decimal(10, 2) NULL DEFAULT NULL COMMENT '零件数',
  `producer` varchar(255) CHARACTER SET utf8 COLLATE utf8_general_ci NULL DEFAULT NULL COMMENT '物料供应商',
  `remark` varchar(255) CHARACTER SET utf8 COLLATE utf8_general_ci NULL DEFAULT NULL COMMENT '备注',
  `up` decimal(10, 0) NULL DEFAULT NULL COMMENT '套',
  `part_id` bigint(20) NULL DEFAULT NULL COMMENT '零件',
  `tool_id` bigint(20) NULL DEFAULT NULL COMMENT '模具',
  PRIMARY KEY (`id`) USING BTREE,
  INDEX `FK5os05wres7cfk0ly5f0qsk82y`(`part_id`) USING BTREE,
  INDEX `FKmu891onn02s1ujlsn8mjjj7mx`(`tool_id`) USING BTREE,
  CONSTRAINT `FK5os05wres7cfk0ly5f0qsk82y` FOREIGN KEY (`part_id`) REFERENCES `t_engineering_part` (`id`) ON DELETE RESTRICT ON UPDATE RESTRICT,
  CONSTRAINT `FKmu891onn02s1ujlsn8mjjj7mx` FOREIGN KEY (`tool_id`) REFERENCES `t_engineering_tool` (`id`) ON DELETE RESTRICT ON UPDATE RESTRICT
) ENGINE = InnoDB AUTO_INCREMENT = 132 CHARACTER SET = utf8 COLLATE = utf8_general_ci COMMENT = '模具零件關係表' ROW_FORMAT = Dynamic;

-- ----------------------------
-- Records of t_engineering_tool_part
-- ----------------------------
INSERT INTO `t_engineering_tool_part` VALUES (1, 1, NULL, 40.90, NULL, NULL, 1, 44, 1);
INSERT INTO `t_engineering_tool_part` VALUES (2, 1, NULL, 37.70, NULL, '啤藍色', 1, 47, 1);
INSERT INTO `t_engineering_tool_part` VALUES (3, 1, NULL, 5.30, NULL, '需跟左圖方法排盆', 1, 48, 2);
INSERT INTO `t_engineering_tool_part` VALUES (4, 1, NULL, 5.20, NULL, NULL, 1, 51, 2);
INSERT INTO `t_engineering_tool_part` VALUES (5, 1, NULL, 13.20, NULL, NULL, 1, 52, 3);
INSERT INTO `t_engineering_tool_part` VALUES (6, 1, NULL, 8.00, NULL, NULL, 1, 53, 3);
INSERT INTO `t_engineering_tool_part` VALUES (7, 1, NULL, 5.00, NULL, NULL, 1, 54, 3);
INSERT INTO `t_engineering_tool_part` VALUES (8, 1, NULL, 4.90, NULL, NULL, 1, 55, 3);
INSERT INTO `t_engineering_tool_part` VALUES (9, 1, NULL, 0.60, NULL, NULL, 1, 56, 3);
INSERT INTO `t_engineering_tool_part` VALUES (10, 1, NULL, 0.20, NULL, NULL, 1, 57, 3);
INSERT INTO `t_engineering_tool_part` VALUES (11, 2, NULL, 2.60, NULL, NULL, 2, 58, 4);
INSERT INTO `t_engineering_tool_part` VALUES (12, 2, NULL, 3.90, NULL, NULL, 2, 60, 4);
INSERT INTO `t_engineering_tool_part` VALUES (13, 2, NULL, 3.40, NULL, NULL, 2, 61, 4);
INSERT INTO `t_engineering_tool_part` VALUES (14, 2, NULL, 3.70, NULL, NULL, 2, 99, 4);
INSERT INTO `t_engineering_tool_part` VALUES (15, 2, NULL, 1.60, NULL, NULL, 2, 100, 4);
INSERT INTO `t_engineering_tool_part` VALUES (16, 1, NULL, 28.70, NULL, NULL, 1, 101, 5);
INSERT INTO `t_engineering_tool_part` VALUES (17, 1, NULL, 11.60, NULL, NULL, 1, 102, 5);
INSERT INTO `t_engineering_tool_part` VALUES (18, 1, NULL, 13.10, NULL, NULL, 1, 103, 5);
INSERT INTO `t_engineering_tool_part` VALUES (19, 8, NULL, NULL, NULL, NULL, 8, 62, 6);
INSERT INTO `t_engineering_tool_part` VALUES (20, 1, NULL, 7.50, NULL, NULL, 1, 64, 7);
INSERT INTO `t_engineering_tool_part` VALUES (21, 2, NULL, 1.60, NULL, NULL, 1, 66, 7);
INSERT INTO `t_engineering_tool_part` VALUES (22, 1, NULL, 0.10, NULL, NULL, 1, 67, 7);
INSERT INTO `t_engineering_tool_part` VALUES (23, 1, NULL, 0.03, NULL, NULL, 1, 68, 7);
INSERT INTO `t_engineering_tool_part` VALUES (24, 1, NULL, 0.02, NULL, NULL, 1, 69, 7);
INSERT INTO `t_engineering_tool_part` VALUES (25, 1, NULL, 0.60, NULL, NULL, 1, 70, 7);
INSERT INTO `t_engineering_tool_part` VALUES (26, 1, NULL, 0.90, NULL, NULL, 1, 71, 7);
INSERT INTO `t_engineering_tool_part` VALUES (27, 2, NULL, 6.50, NULL, 'KL03-903R', 2, 122, 8);
INSERT INTO `t_engineering_tool_part` VALUES (28, 2, NULL, 7.90, NULL, 'KL03-904R', 2, 118, 8);
INSERT INTO `t_engineering_tool_part` VALUES (29, 2, NULL, 6.90, NULL, 'KL03-905R', 2, 123, 8);
INSERT INTO `t_engineering_tool_part` VALUES (30, 2, NULL, 7.20, NULL, 'KL03-906R', 2, 124, 8);
INSERT INTO `t_engineering_tool_part` VALUES (31, 8, NULL, NULL, NULL, NULL, 2, 120, 9);
INSERT INTO `t_engineering_tool_part` VALUES (32, 8, NULL, NULL, NULL, NULL, 2, 120, 9);
INSERT INTO `t_engineering_tool_part` VALUES (33, 8, NULL, NULL, NULL, NULL, 2, 120, 9);
INSERT INTO `t_engineering_tool_part` VALUES (34, 8, NULL, NULL, NULL, NULL, 2, 120, 9);
INSERT INTO `t_engineering_tool_part` VALUES (35, 1, NULL, 59.00, NULL, '此兩件需合起來排盆', 1, 125, 10);
INSERT INTO `t_engineering_tool_part` VALUES (36, 1, NULL, 56.00, NULL, NULL, 1, 126, 10);
INSERT INTO `t_engineering_tool_part` VALUES (37, 1, NULL, 0.80, NULL, '此模不可啤全自動，冷卻時間要夠，以防司筒柱變形而影響功能', 1, 127, 10);
INSERT INTO `t_engineering_tool_part` VALUES (38, 2, NULL, NULL, NULL, NULL, 2, 128, 11);
INSERT INTO `t_engineering_tool_part` VALUES (39, 2, NULL, NULL, NULL, NULL, 2, 130, 12);
INSERT INTO `t_engineering_tool_part` VALUES (40, 1, NULL, 28.00, NULL, '分開每件入一小膠盆，像左圖一樣平放，每放一層放一張硬平咭', 1, 131, 13);
INSERT INTO `t_engineering_tool_part` VALUES (41, 1, NULL, 26.00, NULL, '分開每件入一小膠盆，像左圖一樣平放，每放一層放一張硬平咭', 1, 133, 13);
INSERT INTO `t_engineering_tool_part` VALUES (42, 1, NULL, 3.70, NULL, '不需排盆', 1, 134, 13);
INSERT INTO `t_engineering_tool_part` VALUES (43, 1, NULL, NULL, NULL, NULL, 1, 135, 14);
INSERT INTO `t_engineering_tool_part` VALUES (44, 1, NULL, 1.60, NULL, '此模不可啤全自動，冷卻時間要夠，以防司筒柱變形而影響功能', 1, 137, 15);
INSERT INTO `t_engineering_tool_part` VALUES (45, 1, NULL, 7.00, NULL, NULL, 1, 138, 15);
INSERT INTO `t_engineering_tool_part` VALUES (46, 1, NULL, 8.20, NULL, NULL, 1, 139, 15);
INSERT INTO `t_engineering_tool_part` VALUES (47, 1, NULL, 16.00, NULL, NULL, 1, 140, 16);
INSERT INTO `t_engineering_tool_part` VALUES (48, 1, NULL, 25.00, NULL, NULL, 1, 141, 16);
INSERT INTO `t_engineering_tool_part` VALUES (49, 1, NULL, 34.00, NULL, NULL, 1, 142, 16);
INSERT INTO `t_engineering_tool_part` VALUES (50, 1, NULL, 1.50, NULL, NULL, 1, 143, 16);
INSERT INTO `t_engineering_tool_part` VALUES (51, 1, NULL, 0.20, NULL, NULL, 1, 144, 16);
INSERT INTO `t_engineering_tool_part` VALUES (52, 1, NULL, 25.00, NULL, NULL, 1, 145, 17);
INSERT INTO `t_engineering_tool_part` VALUES (53, 1, NULL, 7.70, NULL, NULL, 1, 146, 17);
INSERT INTO `t_engineering_tool_part` VALUES (54, 1, NULL, 3.20, NULL, NULL, 1, 147, 17);
INSERT INTO `t_engineering_tool_part` VALUES (55, 1, NULL, 1.30, NULL, NULL, 1, 148, 17);
INSERT INTO `t_engineering_tool_part` VALUES (56, 1, NULL, 0.70, NULL, NULL, 1, 149, 17);
INSERT INTO `t_engineering_tool_part` VALUES (57, 1, NULL, 9.40, NULL, '需合起排盆', 1, 150, 18);
INSERT INTO `t_engineering_tool_part` VALUES (58, 1, NULL, 9.40, NULL, '需合起排盆', 1, 152, 18);
INSERT INTO `t_engineering_tool_part` VALUES (59, 1, NULL, 24.00, NULL, '需排盆', 1, 153, 18);
INSERT INTO `t_engineering_tool_part` VALUES (60, 2, NULL, 0.60, NULL, NULL, 1, 154, 18);
INSERT INTO `t_engineering_tool_part` VALUES (61, 1, NULL, 14.00, NULL, NULL, 1, 155, 19);
INSERT INTO `t_engineering_tool_part` VALUES (62, 1, NULL, 5.70, NULL, NULL, 1, 156, 19);
INSERT INTO `t_engineering_tool_part` VALUES (63, 1, NULL, 4.30, NULL, NULL, 1, 157, 19);
INSERT INTO `t_engineering_tool_part` VALUES (64, 1, NULL, 1.20, NULL, NULL, 1, 158, 19);
INSERT INTO `t_engineering_tool_part` VALUES (65, 1, NULL, 1.00, NULL, NULL, 1, 159, 19);
INSERT INTO `t_engineering_tool_part` VALUES (66, 1, NULL, 1.00, NULL, NULL, 1, 160, 19);
INSERT INTO `t_engineering_tool_part` VALUES (67, 1, NULL, 0.30, NULL, NULL, 1, 161, 20);
INSERT INTO `t_engineering_tool_part` VALUES (68, 1, NULL, 0.46, NULL, NULL, 1, 162, 20);
INSERT INTO `t_engineering_tool_part` VALUES (69, 1, NULL, 0.30, NULL, NULL, 1, 163, 20);
INSERT INTO `t_engineering_tool_part` VALUES (70, 1, NULL, 1.90, NULL, NULL, 1, 164, 20);
INSERT INTO `t_engineering_tool_part` VALUES (71, 1, NULL, 0.60, NULL, NULL, 1, 165, 20);
INSERT INTO `t_engineering_tool_part` VALUES (72, 3, NULL, 0.30, NULL, NULL, 2, 166, 20);
INSERT INTO `t_engineering_tool_part` VALUES (73, 2, NULL, 0.20, NULL, NULL, 2, 167, 20);
INSERT INTO `t_engineering_tool_part` VALUES (74, 1, NULL, 0.36, NULL, NULL, 1, 168, 20);
INSERT INTO `t_engineering_tool_part` VALUES (75, 1, NULL, 0.38, NULL, NULL, 1, 169, 20);
INSERT INTO `t_engineering_tool_part` VALUES (76, 1, NULL, 2.40, NULL, NULL, 1, 170, 20);
INSERT INTO `t_engineering_tool_part` VALUES (77, 1, NULL, 0.60, NULL, NULL, 1, 171, 20);
INSERT INTO `t_engineering_tool_part` VALUES (78, 1, NULL, 0.70, NULL, NULL, 1, 172, 20);
INSERT INTO `t_engineering_tool_part` VALUES (79, 1, NULL, NULL, NULL, NULL, 1, 212, 21);
INSERT INTO `t_engineering_tool_part` VALUES (80, 2, NULL, 24.55, NULL, NULL, 1, 215, 22);
INSERT INTO `t_engineering_tool_part` VALUES (81, 2, NULL, 14.45, NULL, NULL, 1, 217, 22);
INSERT INTO `t_engineering_tool_part` VALUES (82, 1, NULL, NULL, NULL, NULL, 1, 212, 23);
INSERT INTO `t_engineering_tool_part` VALUES (83, 1, NULL, 3.60, NULL, '', 1, 221, 24);
INSERT INTO `t_engineering_tool_part` VALUES (84, 1, NULL, 15.70, NULL, '', 1, 222, 24);
INSERT INTO `t_engineering_tool_part` VALUES (85, 1, NULL, 14.60, NULL, '', 1, 223, 24);
INSERT INTO `t_engineering_tool_part` VALUES (86, 4, NULL, NULL, NULL, NULL, 4, 224, 25);
INSERT INTO `t_engineering_tool_part` VALUES (87, 2, NULL, NULL, NULL, NULL, 2, 225, 26);
INSERT INTO `t_engineering_tool_part` VALUES (88, 4, NULL, NULL, NULL, NULL, 4, 227, 27);
INSERT INTO `t_engineering_tool_part` VALUES (89, 1, NULL, 0.10, NULL, NULL, 1, 232, 28);
INSERT INTO `t_engineering_tool_part` VALUES (90, 2, NULL, 0.40, NULL, NULL, 1, 233, 28);
INSERT INTO `t_engineering_tool_part` VALUES (91, 1, NULL, 0.10, NULL, NULL, 1, 234, 28);
INSERT INTO `t_engineering_tool_part` VALUES (92, 1, NULL, 0.20, NULL, NULL, 1, 235, 28);
INSERT INTO `t_engineering_tool_part` VALUES (93, 1, NULL, 0.30, NULL, NULL, 1, 236, 28);
INSERT INTO `t_engineering_tool_part` VALUES (94, 1, NULL, 0.10, NULL, NULL, 1, 237, 28);
INSERT INTO `t_engineering_tool_part` VALUES (95, 1, NULL, 0.10, NULL, NULL, 1, 238, 28);
INSERT INTO `t_engineering_tool_part` VALUES (96, 2, NULL, 5.80, NULL, NULL, 2, 228, 29);
INSERT INTO `t_engineering_tool_part` VALUES (97, 2, NULL, 1.60, NULL, NULL, 2, 229, 29);
INSERT INTO `t_engineering_tool_part` VALUES (98, 2, NULL, 1.80, NULL, NULL, 2, 230, 29);
INSERT INTO `t_engineering_tool_part` VALUES (99, 2, NULL, 0.30, NULL, NULL, 2, 231, 29);
INSERT INTO `t_engineering_tool_part` VALUES (100, 2, NULL, 2.00, NULL, 'KL06 901R /KL07 901R /KL08 9001 (#8251,#8602和#8209三款公用）', 2, 263, 30);
INSERT INTO `t_engineering_tool_part` VALUES (101, 2, NULL, 3.20, NULL, 'KL06 901R /KL07 901R /KL08 9001 (#8251,#8602和#8209三款公用）', 0, 266, 30);
INSERT INTO `t_engineering_tool_part` VALUES (102, 4, NULL, 2.00, NULL, 'KL06 901R /KL07 901R /KL08 9001 (#8251,#8602和#8209三款公用）', 4, 265, 30);
INSERT INTO `t_engineering_tool_part` VALUES (103, 2, NULL, NULL, NULL, NULL, 2, 267, 31);
INSERT INTO `t_engineering_tool_part` VALUES (104, 2, NULL, 18.00, NULL, NULL, 2, 270, 32);
INSERT INTO `t_engineering_tool_part` VALUES (105, 2, NULL, 1.00, NULL, NULL, 2, 272, 32);
INSERT INTO `t_engineering_tool_part` VALUES (106, 2, NULL, NULL, NULL, NULL, 2, 276, 33);
INSERT INTO `t_engineering_tool_part` VALUES (107, 2, NULL, NULL, NULL, NULL, 2, 277, 34);
INSERT INTO `t_engineering_tool_part` VALUES (108, 1, NULL, 51.54, NULL, '需噴油移印', 1, 278, 35);
INSERT INTO `t_engineering_tool_part` VALUES (109, 1, NULL, 66.33, NULL, NULL, 1, 279, 35);
INSERT INTO `t_engineering_tool_part` VALUES (110, 1, NULL, 2.37, NULL, NULL, 1, 280, 36);
INSERT INTO `t_engineering_tool_part` VALUES (111, 1, NULL, 1.20, NULL, NULL, 1, 281, 36);
INSERT INTO `t_engineering_tool_part` VALUES (112, 1, NULL, 16.91, NULL, NULL, 1, 282, 36);
INSERT INTO `t_engineering_tool_part` VALUES (113, 1, NULL, 6.93, NULL, NULL, 1, 283, 37);
INSERT INTO `t_engineering_tool_part` VALUES (114, 1, NULL, 0.94, NULL, NULL, 1, 284, 37);
INSERT INTO `t_engineering_tool_part` VALUES (115, 1, NULL, 6.25, NULL, NULL, 1, 285, 38);
INSERT INTO `t_engineering_tool_part` VALUES (116, 1, NULL, 0.47, NULL, NULL, 1, 286, 38);
INSERT INTO `t_engineering_tool_part` VALUES (117, 1, NULL, 0.95, NULL, NULL, 1, 287, 38);
INSERT INTO `t_engineering_tool_part` VALUES (118, 1, NULL, 2.01, NULL, NULL, 1, 288, 38);
INSERT INTO `t_engineering_tool_part` VALUES (119, 1, NULL, 4.81, NULL, NULL, 1, 289, 38);
INSERT INTO `t_engineering_tool_part` VALUES (120, 1, NULL, 7.68, NULL, NULL, 1, 290, 39);
INSERT INTO `t_engineering_tool_part` VALUES (121, 1, NULL, 2.00, NULL, NULL, 1, 291, 39);
INSERT INTO `t_engineering_tool_part` VALUES (122, 1, NULL, 0.14, NULL, NULL, 1, 292, 39);
INSERT INTO `t_engineering_tool_part` VALUES (123, 1, NULL, 0.43, NULL, NULL, 1, 293, 39);
INSERT INTO `t_engineering_tool_part` VALUES (124, 1, NULL, 0.10, NULL, NULL, 1, 294, 39);
INSERT INTO `t_engineering_tool_part` VALUES (125, 1, NULL, 0.37, NULL, NULL, 1, 295, 39);
INSERT INTO `t_engineering_tool_part` VALUES (126, 1, NULL, 5.62, NULL, NULL, 1, 296, 40);
INSERT INTO `t_engineering_tool_part` VALUES (127, 1, NULL, 14.10, NULL, NULL, 1, 297, 40);
INSERT INTO `t_engineering_tool_part` VALUES (128, 1, NULL, 0.47, NULL, NULL, 1, 298, 40);
INSERT INTO `t_engineering_tool_part` VALUES (129, 2, NULL, 1.26, NULL, NULL, 2, 299, 41);
INSERT INTO `t_engineering_tool_part` VALUES (130, 2, NULL, 0.21, NULL, NULL, 2, 300, 41);
INSERT INTO `t_engineering_tool_part` VALUES (131, 2, NULL, 0.35, NULL, NULL, 2, 301, 41);

-- ----------------------------
-- Table structure for t_engineering_toolplan
-- ----------------------------
DROP TABLE IF EXISTS `t_engineering_toolplan`;
CREATE TABLE `t_engineering_toolplan`  (
  `id` bigint(20) NOT NULL AUTO_INCREMENT,
  `attachments` text CHARACTER SET utf8 COLLATE utf8_general_ci NULL COMMENT '圖片',
  `auditor` varchar(255) CHARACTER SET utf8 COLLATE utf8_general_ci NULL DEFAULT NULL COMMENT 'auditor',
  `date` timestamp(0) NOT NULL DEFAULT CURRENT_TIMESTAMP(0) ON UPDATE CURRENT_TIMESTAMP(0) COMMENT 'date',
  `part_id` bigint(20) NULL DEFAULT NULL COMMENT 'item_id',
  PRIMARY KEY (`id`) USING BTREE,
  INDEX `FKc9xf38bnpn8cgrpiiber39edt`(`part_id`) USING BTREE,
  CONSTRAINT `FKc9xf38bnpn8cgrpiiber39edt` FOREIGN KEY (`part_id`) REFERENCES `t_engineering_part` (`id`) ON DELETE RESTRICT ON UPDATE RESTRICT
) ENGINE = InnoDB AUTO_INCREMENT = 14 CHARACTER SET = utf8 COLLATE = utf8_general_ci COMMENT = '模具記錄表' ROW_FORMAT = Dynamic;

-- ----------------------------
-- Records of t_engineering_toolplan
-- ----------------------------
INSERT INTO `t_engineering_toolplan` VALUES (1, 'engineering/toolPlan/1/36-48and8-20.jpeg,engineering/toolPlan/1/24-33and9-20.jpeg,engineering/toolPlan/1/12-15and9-13.jpeg,engineering/toolPlan/1/44-55and9-20.jpeg,engineering/toolPlan/1/8-17and9-20.jpeg,engineering/toolPlan/1/12-15and13-15.jpeg,engineering/toolPlan/1/31-41and9-20.jpeg,engineering/toolPlan/1/16-27and9-20.jpeg', NULL, '2019-05-29 17:26:12', 1);
INSERT INTO `t_engineering_toolplan` VALUES (2, NULL, NULL, '2019-05-29 17:26:19', 2);
INSERT INTO `t_engineering_toolplan` VALUES (3, NULL, NULL, '2019-05-29 17:26:32', 4);
INSERT INTO `t_engineering_toolplan` VALUES (4, NULL, NULL, '2019-05-29 17:26:41', 3);
INSERT INTO `t_engineering_toolplan` VALUES (5, NULL, NULL, '2019-05-29 17:26:48', 5);
INSERT INTO `t_engineering_toolplan` VALUES (6, NULL, NULL, '2019-05-29 17:26:55', 6);
INSERT INTO `t_engineering_toolplan` VALUES (7, 'engineering/toolPlan/7/13-15and9-12.jpeg,engineering/toolPlan/7/36-40and9-12.jpeg,engineering/toolPlan/7/57-70and8-14.jpeg,engineering/toolPlan/7/29-35and9-14.jpeg,engineering/toolPlan/7/7-17and8-23.jpeg,engineering/toolPlan/7/17-21and9-12.jpeg,engineering/toolPlan/7/49-57and8-13.jpeg,engineering/toolPlan/7/15-16and9-13.jpeg,engineering/toolPlan/7/22-25and2-8.jpeg,engineering/toolPlan/7/24-28and9-12.jpeg,engineering/toolPlan/7/42-45and9-12.jpeg,engineering/toolPlan/7/22-36and8-22.jpeg', NULL, '2019-05-29 17:27:01', 7);
INSERT INTO `t_engineering_toolplan` VALUES (8, NULL, NULL, '2019-05-29 17:27:07', 8);
INSERT INTO `t_engineering_toolplan` VALUES (9, NULL, NULL, '2019-05-29 17:27:14', 9);
INSERT INTO `t_engineering_toolplan` VALUES (10, NULL, NULL, '2019-05-29 17:27:22', 10);
INSERT INTO `t_engineering_toolplan` VALUES (11, NULL, NULL, '2019-05-29 17:27:33', 11);
INSERT INTO `t_engineering_toolplan` VALUES (12, NULL, NULL, '2019-05-29 17:27:39', 12);
INSERT INTO `t_engineering_toolplan` VALUES (13, 'engineering/toolPlan/13/236-689and0-214.png,engineering/toolPlan/13/886-207and0-43.png,engineering/toolPlan/13/842-788and0-206.png,engineering/toolPlan/13/827-30and0-35.png,engineering/toolPlan/13/753-650and0-77.png,engineering/toolPlan/13/783-30and0-108.png,engineering/toolPlan/13/340-684and0-172.png,engineering/toolPlan/13/561-34and0-175.png', NULL, '2019-05-29 17:27:49', 13);

-- ----------------------------
-- Table structure for t_engineering_toolplan_tool
-- ----------------------------
DROP TABLE IF EXISTS `t_engineering_toolplan_tool`;
CREATE TABLE `t_engineering_toolplan_tool`  (
  `id` bigint(20) NOT NULL AUTO_INCREMENT,
  `remark` varchar(255) CHARACTER SET utf8 COLLATE utf8_general_ci NULL DEFAULT NULL COMMENT 'remark',
  `tool_id` bigint(20) NULL DEFAULT NULL COMMENT 'tool_id',
  `toolplan_id` bigint(20) NULL DEFAULT NULL COMMENT 'toolplan_id',
  PRIMARY KEY (`id`) USING BTREE,
  INDEX `FKhdskpedlwvo4ftx47uxy4wb3q`(`tool_id`) USING BTREE,
  INDEX `FKlfilhfav23190naur4y8ks2fi`(`toolplan_id`) USING BTREE,
  CONSTRAINT `FKhdskpedlwvo4ftx47uxy4wb3q` FOREIGN KEY (`tool_id`) REFERENCES `t_engineering_tool` (`id`) ON DELETE RESTRICT ON UPDATE RESTRICT,
  CONSTRAINT `FKlfilhfav23190naur4y8ks2fi` FOREIGN KEY (`toolplan_id`) REFERENCES `t_engineering_toolplan` (`id`) ON DELETE RESTRICT ON UPDATE RESTRICT
) ENGINE = InnoDB AUTO_INCREMENT = 49 CHARACTER SET = utf8 COLLATE = utf8_general_ci COMMENT = '模具記錄明細表' ROW_FORMAT = Dynamic;

-- ----------------------------
-- Records of t_engineering_toolplan_tool
-- ----------------------------
INSERT INTO `t_engineering_toolplan_tool` VALUES (1, NULL, 1, 1);
INSERT INTO `t_engineering_toolplan_tool` VALUES (2, NULL, 2, 1);
INSERT INTO `t_engineering_toolplan_tool` VALUES (3, NULL, 3, 1);
INSERT INTO `t_engineering_toolplan_tool` VALUES (4, NULL, 4, 1);
INSERT INTO `t_engineering_toolplan_tool` VALUES (5, NULL, 5, 1);
INSERT INTO `t_engineering_toolplan_tool` VALUES (6, NULL, 6, 1);
INSERT INTO `t_engineering_toolplan_tool` VALUES (7, NULL, 7, 1);
INSERT INTO `t_engineering_toolplan_tool` VALUES (8, '新開模', 8, 4);
INSERT INTO `t_engineering_toolplan_tool` VALUES (9, 'KL03-903R         KL03-904R     KL03-905R    KL03-906R', 9, 4);
INSERT INTO `t_engineering_toolplan_tool` VALUES (10, '新開模', 8, 3);
INSERT INTO `t_engineering_toolplan_tool` VALUES (11, 'KL03-903R         KL03-904R     KL03-905R    KL03-906R', 9, 3);
INSERT INTO `t_engineering_toolplan_tool` VALUES (12, '新開模', 8, 5);
INSERT INTO `t_engineering_toolplan_tool` VALUES (13, 'KL03-903R         KL03-904R     KL03-905R    KL03-906R', 9, 5);
INSERT INTO `t_engineering_toolplan_tool` VALUES (14, '新開模', 8, 6);
INSERT INTO `t_engineering_toolplan_tool` VALUES (15, 'KL03-903R         KL03-904R     KL03-905R    KL03-906R', 9, 6);
INSERT INTO `t_engineering_toolplan_tool` VALUES (16, NULL, 10, 7);
INSERT INTO `t_engineering_toolplan_tool` VALUES (17, NULL, 11, 7);
INSERT INTO `t_engineering_toolplan_tool` VALUES (18, '啤出后入定形模定形，需排小膠盆，像左圖這樣放，不可疊起來，一盆只能放一層', 12, 7);
INSERT INTO `t_engineering_toolplan_tool` VALUES (19, NULL, 13, 7);
INSERT INTO `t_engineering_toolplan_tool` VALUES (20, '啤出後每條鋸鏈需浸循環凍水，完全冷卻後剪去水口，套在PVC圓筒上,每個圓筒套24條,跟左圖方法排小膠盆，每盆放5個圓筒.', 14, 7);
INSERT INTO `t_engineering_toolplan_tool` VALUES (21, NULL, 15, 7);
INSERT INTO `t_engineering_toolplan_tool` VALUES (22, NULL, 16, 7);
INSERT INTO `t_engineering_toolplan_tool` VALUES (23, NULL, 17, 7);
INSERT INTO `t_engineering_toolplan_tool` VALUES (24, NULL, 18, 7);
INSERT INTO `t_engineering_toolplan_tool` VALUES (25, NULL, 19, 7);
INSERT INTO `t_engineering_toolplan_tool` VALUES (26, NULL, 20, 7);
INSERT INTO `t_engineering_toolplan_tool` VALUES (27, '和KL01-9002共用', 21, 8);
INSERT INTO `t_engineering_toolplan_tool` VALUES (28, NULL, 22, 8);
INSERT INTO `t_engineering_toolplan_tool` VALUES (29, '新模', 23, 8);
INSERT INTO `t_engineering_toolplan_tool` VALUES (30, NULL, 24, 9);
INSERT INTO `t_engineering_toolplan_tool` VALUES (31, '', 25, 9);
INSERT INTO `t_engineering_toolplan_tool` VALUES (32, '注：KL-029模具，在啤塑時需將KL-028模具中的8300電池門（KL06A004R)擺入模呵中再包膠', 26, 9);
INSERT INTO `t_engineering_toolplan_tool` VALUES (33, '', 27, 9);
INSERT INTO `t_engineering_toolplan_tool` VALUES (34, '啤塑時要注意尺寸穩定，請QC多留意并核對重點位置尺寸', 28, 9);
INSERT INTO `t_engineering_toolplan_tool` VALUES (35, '', 29, 9);
INSERT INTO `t_engineering_toolplan_tool` VALUES (36, 'KL06 901R /KL07 901R /KL08 9001 (#8251,#8602和#8209三款公用）', 30, 10);
INSERT INTO `t_engineering_toolplan_tool` VALUES (37, 'KL06 901R /KL07 901R /KL08 9001 (#8251,#8602和#8209三款公用）', 30, 11);
INSERT INTO `t_engineering_toolplan_tool` VALUES (38, '和KL02-9002共用', 31, 12);
INSERT INTO `t_engineering_toolplan_tool` VALUES (39, '和KL02-9002共用', 32, 12);
INSERT INTO `t_engineering_toolplan_tool` VALUES (40, NULL, 33, 13);
INSERT INTO `t_engineering_toolplan_tool` VALUES (41, '啤出后排小盆,不可疊起來', 34, 13);
INSERT INTO `t_engineering_toolplan_tool` VALUES (42, '電池蓋與大身組裝半品排盆轉噴油移印部', 35, 13);
INSERT INTO `t_engineering_toolplan_tool` VALUES (43, NULL, 36, 13);
INSERT INTO `t_engineering_toolplan_tool` VALUES (44, NULL, 37, 13);
INSERT INTO `t_engineering_toolplan_tool` VALUES (45, NULL, 38, 13);
INSERT INTO `t_engineering_toolplan_tool` VALUES (46, '電池蓋剪掉水口轉移印', 39, 13);
INSERT INTO `t_engineering_toolplan_tool` VALUES (47, NULL, 40, 13);
INSERT INTO `t_engineering_toolplan_tool` VALUES (48, NULL, 41, 13);

-- ----------------------------
-- Table structure for t_finance_artificialcost
-- ----------------------------
DROP TABLE IF EXISTS `t_finance_artificialcost`;
CREATE TABLE `t_finance_artificialcost`  (
  `id` bigint(20) NOT NULL AUTO_INCREMENT,
  `cost` decimal(10, 2) NULL DEFAULT NULL COMMENT '費用',
  `department` varchar(255) CHARACTER SET utf8 COLLATE utf8_general_ci NULL DEFAULT NULL COMMENT '部門(唯一)',
  `salary` decimal(10, 2) NULL DEFAULT NULL COMMENT '時薪',
  `unit` varchar(32) CHARACTER SET utf8 COLLATE utf8_general_ci NULL DEFAULT NULL COMMENT '單位',
  PRIMARY KEY (`id`) USING BTREE,
  UNIQUE INDEX `UK_t958rc6cpcoxkcih47k8dps13`(`department`) USING BTREE
) ENGINE = InnoDB AUTO_INCREMENT = 5 CHARACTER SET = utf8 COLLATE = utf8_general_ci COMMENT = '人工成本' ROW_FORMAT = Dynamic;

-- ----------------------------
-- Records of t_finance_artificialcost
-- ----------------------------
INSERT INTO `t_finance_artificialcost` VALUES (1, NULL, '啤工', 29.70, '¥');
INSERT INTO `t_finance_artificialcost` VALUES (2, NULL, '移印', 23.30, '¥');
INSERT INTO `t_finance_artificialcost` VALUES (3, NULL, '噴油', 27.60, '¥');
INSERT INTO `t_finance_artificialcost` VALUES (4, NULL, '裝配', 20.10, '¥');

-- ----------------------------
-- Table structure for t_finance_freightcost
-- ----------------------------
DROP TABLE IF EXISTS `t_finance_freightcost`;
CREATE TABLE `t_finance_freightcost`  (
  `id` bigint(20) NOT NULL AUTO_INCREMENT,
  `cost` decimal(10, 2) NULL DEFAULT NULL COMMENT '費用',
  `number` decimal(10, 2) NULL DEFAULT NULL COMMENT '數量',
  `price` decimal(10, 2) NULL DEFAULT NULL COMMENT '單價',
  `type` varchar(255) CHARACTER SET utf8 COLLATE utf8_general_ci NULL DEFAULT NULL COMMENT '運輸方式',
  PRIMARY KEY (`id`) USING BTREE
) ENGINE = InnoDB AUTO_INCREMENT = 1 CHARACTER SET = utf8 COLLATE = utf8_general_ci COMMENT = '運費成本' ROW_FORMAT = Dynamic;

-- ----------------------------
-- Table structure for t_finance_materialcost
-- ----------------------------
DROP TABLE IF EXISTS `t_finance_materialcost`;
CREATE TABLE `t_finance_materialcost`  (
  `id` bigint(20) NOT NULL AUTO_INCREMENT,
  `code` varchar(255) CHARACTER SET utf8 COLLATE utf8_general_ci NULL DEFAULT NULL COMMENT '編號',
  `color` varchar(64) CHARACTER SET utf8 COLLATE utf8_general_ci NULL DEFAULT NULL COMMENT '顏色',
  `cost` decimal(10, 2) NULL DEFAULT NULL COMMENT '費用',
  `format` varchar(255) CHARACTER SET utf8 COLLATE utf8_general_ci NULL DEFAULT NULL COMMENT '規格',
  `name` varchar(255) CHARACTER SET utf8 COLLATE utf8_general_ci NULL DEFAULT NULL COMMENT '名稱',
  `nature` varchar(32) CHARACTER SET utf8 COLLATE utf8_general_ci NULL DEFAULT NULL COMMENT '物料類型(啤件、膠料、色粉)',
  `number` decimal(10, 2) NULL DEFAULT NULL COMMENT '用量',
  `powerprice` decimal(10, 2) NULL DEFAULT NULL COMMENT '電費單價',
  `powerrate` decimal(10, 2) NULL DEFAULT NULL COMMENT '電費轉換率、匯率',
  `price` decimal(10, 2) NULL DEFAULT NULL COMMENT '單價',
  `producer` varchar(255) CHARACTER SET utf8 COLLATE utf8_general_ci NULL DEFAULT NULL COMMENT '供應商',
  `unit` varchar(32) CHARACTER SET utf8 COLLATE utf8_general_ci NULL DEFAULT NULL COMMENT '單位',
  `material_id` bigint(20) NULL DEFAULT NULL COMMENT '啤件、膠料、色粉',
  PRIMARY KEY (`id`) USING BTREE,
  UNIQUE INDEX `UK_9m75smlnl7h7n5b8wjrbht8qf`(`material_id`) USING BTREE,
  CONSTRAINT `FKoo3qyr3ohynfardutw5au9pha` FOREIGN KEY (`material_id`) REFERENCES `t_engineering_part` (`id`) ON DELETE RESTRICT ON UPDATE RESTRICT
) ENGINE = InnoDB AUTO_INCREMENT = 1 CHARACTER SET = utf8 COLLATE = utf8_general_ci COMMENT = '膠料、色粉、其他物料成本' ROW_FORMAT = Dynamic;

-- ----------------------------
-- Table structure for t_finance_toolmaterialcost
-- ----------------------------
DROP TABLE IF EXISTS `t_finance_toolmaterialcost`;
CREATE TABLE `t_finance_toolmaterialcost`  (
  `id` bigint(20) NOT NULL AUTO_INCREMENT,
  `material` varchar(255) CHARACTER SET utf8 COLLATE utf8_general_ci NULL DEFAULT NULL COMMENT '原料編號(唯一)',
  `price` decimal(10, 2) NULL DEFAULT NULL COMMENT '單價',
  PRIMARY KEY (`id`) USING BTREE,
  UNIQUE INDEX `UK_5w26l8ayr3ycnaa8ovoxjecie`(`material`) USING BTREE
) ENGINE = InnoDB AUTO_INCREMENT = 33 CHARACTER SET = utf8 COLLATE = utf8_general_ci COMMENT = '模具物料成本' ROW_FORMAT = Dynamic;

-- ----------------------------
-- Records of t_finance_toolmaterialcost
-- ----------------------------
INSERT INTO `t_finance_toolmaterialcost` VALUES (1, 'ABS PA-757', 8.00);
INSERT INTO `t_finance_toolmaterialcost` VALUES (2, 'POM 090', 8.00);
INSERT INTO `t_finance_toolmaterialcost` VALUES (3, 'TPR4002-60A', 8.00);
INSERT INTO `t_finance_toolmaterialcost` VALUES (4, '透明ABS 557', 8.00);
INSERT INTO `t_finance_toolmaterialcost` VALUES (8, '19837', 8.00);
INSERT INTO `t_finance_toolmaterialcost` VALUES (9, 'S11732', 8.00);
INSERT INTO `t_finance_toolmaterialcost` VALUES (10, '黑種', 8.00);
INSERT INTO `t_finance_toolmaterialcost` VALUES (11, 'ABS PA757', 8.00);
INSERT INTO `t_finance_toolmaterialcost` VALUES (12, 'ABS757', 8.00);
INSERT INTO `t_finance_toolmaterialcost` VALUES (13, 'HDPE-HMA016', 8.00);
INSERT INTO `t_finance_toolmaterialcost` VALUES (14, 'KR03NW', 8.00);
INSERT INTO `t_finance_toolmaterialcost` VALUES (15, 'PP BJ550', 8.00);
INSERT INTO `t_finance_toolmaterialcost` VALUES (16, 'TPE 2103-60A', 8.00);
INSERT INTO `t_finance_toolmaterialcost` VALUES (17, 'TPR 4002-60A', 8.00);
INSERT INTO `t_finance_toolmaterialcost` VALUES (18, 'TPR-4002-60A', 8.00);
INSERT INTO `t_finance_toolmaterialcost` VALUES (26, '19836', 8.00);
INSERT INTO `t_finance_toolmaterialcost` VALUES (27, 'MS30689', 8.00);
INSERT INTO `t_finance_toolmaterialcost` VALUES (28, 'S20059', 8.00);
INSERT INTO `t_finance_toolmaterialcost` VALUES (29, 'S43884', 8.00);
INSERT INTO `t_finance_toolmaterialcost` VALUES (30, 'S9216', 8.00);
INSERT INTO `t_finance_toolmaterialcost` VALUES (31, 'S9217', 8.00);
INSERT INTO `t_finance_toolmaterialcost` VALUES (32, 'S9322', 8.00);

-- ----------------------------
-- Table structure for t_pmc_customer
-- ----------------------------
DROP TABLE IF EXISTS `t_pmc_customer`;
CREATE TABLE `t_pmc_customer`  (
  `id` bigint(20) NOT NULL AUTO_INCREMENT,
  `address` varchar(255) CHARACTER SET utf8 COLLATE utf8_general_ci NULL DEFAULT NULL COMMENT '地址',
  `code` varchar(255) CHARACTER SET utf8 COLLATE utf8_general_ci NULL DEFAULT NULL COMMENT '編號',
  `company` varchar(255) CHARACTER SET utf8 COLLATE utf8_general_ci NULL DEFAULT NULL COMMENT '公司',
  `email` varchar(255) CHARACTER SET utf8 COLLATE utf8_general_ci NULL DEFAULT NULL COMMENT '郵箱',
  `fax` varchar(255) CHARACTER SET utf8 COLLATE utf8_general_ci NULL DEFAULT NULL COMMENT '傳真',
  `name` varchar(255) CHARACTER SET utf8 COLLATE utf8_general_ci NULL DEFAULT NULL COMMENT '名稱',
  `phone` varchar(255) CHARACTER SET utf8 COLLATE utf8_general_ci NULL DEFAULT NULL COMMENT '電話',
  `type` int(11) NULL DEFAULT NULL COMMENT '客戶類型',
  PRIMARY KEY (`id`) USING BTREE
) ENGINE = InnoDB AUTO_INCREMENT = 1 CHARACTER SET = utf8 COLLATE = utf8_general_ci COMMENT = '客戶表' ROW_FORMAT = Dynamic;

-- ----------------------------
-- Table structure for t_pmc_cycle
-- ----------------------------
DROP TABLE IF EXISTS `t_pmc_cycle`;
CREATE TABLE `t_pmc_cycle`  (
  `id` bigint(20) NOT NULL AUTO_INCREMENT,
  `is_analysis` tinyint(4) NULL DEFAULT NULL COMMENT '分析否',
  `editor` varchar(50) CHARACTER SET utf8 COLLATE utf8_general_ci NULL DEFAULT NULL COMMENT '製表人',
  `end` datetime(0) NULL DEFAULT NULL COMMENT '結束時間',
  `start` datetime(0) NULL DEFAULT NULL COMMENT '開始時間',
  `customer_id` bigint(20) NULL DEFAULT NULL COMMENT '下单客户',
  PRIMARY KEY (`id`) USING BTREE,
  INDEX `FKaaecokklhoha7xa384cdi9fjj`(`customer_id`) USING BTREE,
  CONSTRAINT `FKaaecokklhoha7xa384cdi9fjj` FOREIGN KEY (`customer_id`) REFERENCES `t_pmc_customer` (`id`) ON DELETE RESTRICT ON UPDATE RESTRICT
) ENGINE = InnoDB AUTO_INCREMENT = 1 CHARACTER SET = utf8 COLLATE = utf8_general_ci COMMENT = '週期訂單' ROW_FORMAT = Dynamic;

-- ----------------------------
-- Table structure for t_pmc_factory
-- ----------------------------
DROP TABLE IF EXISTS `t_pmc_factory`;
CREATE TABLE `t_pmc_factory`  (
  `id` bigint(20) NOT NULL AUTO_INCREMENT,
  `address` varchar(255) CHARACTER SET utf8 COLLATE utf8_general_ci NULL DEFAULT NULL COMMENT '廠商地址',
  `factory` varchar(255) CHARACTER SET utf8 COLLATE utf8_general_ci NULL DEFAULT NULL COMMENT '加工廠商',
  `fax` varchar(255) CHARACTER SET utf8 COLLATE utf8_general_ci NULL DEFAULT NULL COMMENT '廠商傳真',
  `linkman` varchar(255) CHARACTER SET utf8 COLLATE utf8_general_ci NULL DEFAULT NULL COMMENT '聯繫人',
  `phone` varchar(255) CHARACTER SET utf8 COLLATE utf8_general_ci NULL DEFAULT NULL COMMENT '聯繫電話',
  PRIMARY KEY (`id`) USING BTREE
) ENGINE = InnoDB AUTO_INCREMENT = 1 CHARACTER SET = utf8 COLLATE = utf8_general_ci COMMENT = '客戶表' ROW_FORMAT = Dynamic;

-- ----------------------------
-- Table structure for t_pmc_machine
-- ----------------------------
DROP TABLE IF EXISTS `t_pmc_machine`;
CREATE TABLE `t_pmc_machine`  (
  `id` bigint(20) NOT NULL AUTO_INCREMENT,
  `name` varchar(255) CHARACTER SET utf8 COLLATE utf8_general_ci NULL DEFAULT NULL COMMENT '名稱',
  `power` decimal(10, 2) NULL DEFAULT NULL COMMENT '功率(度、千瓦/時)',
  `type` varchar(255) CHARACTER SET utf8 COLLATE utf8_general_ci NULL DEFAULT NULL COMMENT '型號(對應機型的損耗電流類別，單位A)',
  PRIMARY KEY (`id`) USING BTREE,
  UNIQUE INDEX `UK_lugt9vcbdkubumhwtg5e9kbaj`(`type`) USING BTREE
) ENGINE = InnoDB AUTO_INCREMENT = 11 CHARACTER SET = utf8 COLLATE = utf8_general_ci COMMENT = '機器' ROW_FORMAT = Dynamic;

-- ----------------------------
-- Records of t_pmc_machine
-- ----------------------------
INSERT INTO `t_pmc_machine` VALUES (1, '4A', 26.03, '4A');
INSERT INTO `t_pmc_machine` VALUES (2, '6A', 22.23, '6A');
INSERT INTO `t_pmc_machine` VALUES (3, '8A', 27.09, '8A');
INSERT INTO `t_pmc_machine` VALUES (4, '10A', 0.21, '10A');
INSERT INTO `t_pmc_machine` VALUES (5, '12.6A', 68.80, '12.6A');
INSERT INTO `t_pmc_machine` VALUES (6, '16.8A', 30.03, '16.8A');
INSERT INTO `t_pmc_machine` VALUES (7, '20A', 11.63, '20A');
INSERT INTO `t_pmc_machine` VALUES (8, '4.9A', 36.83, '4.9A');
INSERT INTO `t_pmc_machine` VALUES (9, '4A或3.5A立式', 66.13, '4A或3.5A立式');
INSERT INTO `t_pmc_machine` VALUES (10, '8.1A', 88.64, '8.1A');

-- ----------------------------
-- Table structure for t_pmc_order
-- ----------------------------
DROP TABLE IF EXISTS `t_pmc_order`;
CREATE TABLE `t_pmc_order`  (
  `id` bigint(20) NOT NULL AUTO_INCREMENT,
  `is_booking` tinyint(4) NULL DEFAULT NULL COMMENT '預否',
  `check_date` date NULL DEFAULT NULL COMMENT '驗貨期',
  `code` varchar(255) CHARACTER SET utf8 COLLATE utf8_general_ci NULL DEFAULT NULL COMMENT '單號',
  `contract` varchar(255) CHARACTER SET utf8 COLLATE utf8_general_ci NULL DEFAULT NULL COMMENT '合同編號',
  `date` date NULL DEFAULT NULL COMMENT '收單期',
  `date_code` varchar(255) CHARACTER SET utf8 COLLATE utf8_general_ci NULL DEFAULT NULL COMMENT '日期代碼',
  `delivery_date` date NULL DEFAULT NULL COMMENT '走貨期',
  `is_europe` tinyint(4) NULL DEFAULT NULL COMMENT '歐否',
  `handler` varchar(255) CHARACTER SET utf8 COLLATE utf8_general_ci NULL DEFAULT NULL COMMENT '接手人',
  `number` decimal(10, 2) NULL DEFAULT NULL COMMENT '數量',
  `producing_code` varchar(255) CHARACTER SET utf8 COLLATE utf8_general_ci NULL DEFAULT NULL COMMENT '生產單號',
  `ship_close_date` date NULL DEFAULT NULL COMMENT '補料截止期',
  `state` varchar(255) CHARACTER SET utf8 COLLATE utf8_general_ci NULL DEFAULT NULL COMMENT '國家',
  `total` decimal(10, 2) NULL DEFAULT NULL COMMENT '预订单已生成數量',
  `company_id` bigint(20) NULL DEFAULT NULL COMMENT '下單公司',
  `customer_id` bigint(20) NULL DEFAULT NULL COMMENT '走貨客戶',
  `cycle_id` bigint(20) NULL DEFAULT NULL COMMENT '訂單週期',
  `product_id` bigint(20) NULL DEFAULT NULL COMMENT '產品',
  `shipment_id` bigint(20) NULL DEFAULT NULL COMMENT '訂單船務',
  PRIMARY KEY (`id`) USING BTREE,
  INDEX `FKn88x6c8yu3u53o8rtoyoinbwj`(`company_id`) USING BTREE,
  INDEX `FK7953ky34pbe2pe29b04usta9p`(`customer_id`) USING BTREE,
  INDEX `FKd4p71dvru5ap5xatroorn33ox`(`cycle_id`) USING BTREE,
  INDEX `FK4t00m78jad6apo83bniwpnab6`(`product_id`) USING BTREE,
  INDEX `FKbsdh31fg0r8x9j9u0h1vgt4ib`(`shipment_id`) USING BTREE,
  CONSTRAINT `FK4t00m78jad6apo83bniwpnab6` FOREIGN KEY (`product_id`) REFERENCES `t_engineering_product` (`id`) ON DELETE RESTRICT ON UPDATE RESTRICT,
  CONSTRAINT `FK7953ky34pbe2pe29b04usta9p` FOREIGN KEY (`customer_id`) REFERENCES `t_pmc_customer` (`id`) ON DELETE RESTRICT ON UPDATE RESTRICT,
  CONSTRAINT `FKbsdh31fg0r8x9j9u0h1vgt4ib` FOREIGN KEY (`shipment_id`) REFERENCES `t_pmc_shipment` (`id`) ON DELETE RESTRICT ON UPDATE RESTRICT,
  CONSTRAINT `FKd4p71dvru5ap5xatroorn33ox` FOREIGN KEY (`cycle_id`) REFERENCES `t_pmc_cycle` (`id`) ON DELETE RESTRICT ON UPDATE RESTRICT,
  CONSTRAINT `FKn88x6c8yu3u53o8rtoyoinbwj` FOREIGN KEY (`company_id`) REFERENCES `t_pmc_customer` (`id`) ON DELETE RESTRICT ON UPDATE RESTRICT
) ENGINE = InnoDB AUTO_INCREMENT = 1 CHARACTER SET = utf8 COLLATE = utf8_general_ci COMMENT = '產品訂單表' ROW_FORMAT = Dynamic;

-- ----------------------------
-- Table structure for t_pmc_order_schedule
-- ----------------------------
DROP TABLE IF EXISTS `t_pmc_order_schedule`;
CREATE TABLE `t_pmc_order_schedule`  (
  `order_id` bigint(20) NOT NULL,
  `customer_reply` varchar(255) CHARACTER SET utf8 COLLATE utf8_general_ci NULL DEFAULT NULL COMMENT '客戶回復',
  `finish_date` date NULL DEFAULT NULL COMMENT '完成期',
  `receiving_company` varchar(255) CHARACTER SET utf8 COLLATE utf8_general_ci NULL DEFAULT NULL COMMENT '收货方公司',
  `receiving_party` varchar(255) CHARACTER SET utf8 COLLATE utf8_general_ci NULL DEFAULT NULL COMMENT '收货方',
  `stc_check_date` date NULL DEFAULT NULL COMMENT 'stc檢驗期',
  `stc_check_result` varchar(255) CHARACTER SET utf8 COLLATE utf8_general_ci NULL DEFAULT NULL COMMENT 'stc檢驗結果',
  `step_date` date NULL DEFAULT NULL COMMENT '排拉期',
  PRIMARY KEY (`order_id`) USING BTREE
) ENGINE = InnoDB CHARACTER SET = utf8 COLLATE = utf8_general_ci COMMENT = '客戶訂單排期' ROW_FORMAT = Dynamic;

-- ----------------------------
-- Table structure for t_pmc_part_purchase
-- ----------------------------
DROP TABLE IF EXISTS `t_pmc_part_purchase`;
CREATE TABLE `t_pmc_part_purchase`  (
  `id` bigint(20) NOT NULL AUTO_INCREMENT,
  `audit` int(10) NULL DEFAULT NULL COMMENT '0未提交，1已提交未審核，2一級審核通過',
  `audit_date` date NULL DEFAULT NULL COMMENT '審核日期',
  `auditor` varchar(255) CHARACTER SET utf8 COLLATE utf8_general_ci NULL DEFAULT NULL COMMENT '審核人',
  `code` varchar(255) CHARACTER SET utf8 COLLATE utf8_general_ci NULL DEFAULT NULL COMMENT '單號',
  `date` date NULL DEFAULT NULL COMMENT '日期',
  `delivery_code` varchar(255) CHARACTER SET utf8 COLLATE utf8_general_ci NULL DEFAULT NULL COMMENT '来料單號',
  `delivery_date` date NULL DEFAULT NULL COMMENT '預計到貨日期',
  `editor` varchar(255) CHARACTER SET utf8 COLLATE utf8_general_ci NULL DEFAULT NULL COMMENT '製單人',
  `indate` date NULL DEFAULT NULL COMMENT '入庫日期',
  `indepoter` varchar(255) CHARACTER SET utf8 COLLATE utf8_general_ci NULL DEFAULT NULL COMMENT '入庫人',
  `manager` varchar(255) CHARACTER SET utf8 COLLATE utf8_general_ci NULL DEFAULT NULL COMMENT '總經理審核',
  `manager_date` date NULL DEFAULT NULL COMMENT '總經理審核日期',
  `nature` varchar(255) CHARACTER SET utf8 COLLATE utf8_general_ci NULL DEFAULT NULL COMMENT '類型',
  `status` int(5) NULL DEFAULT NULL COMMENT '狀態  0未入庫 1部分入庫  2全部入庫',
  `supplier_id` bigint(20) NULL DEFAULT NULL COMMENT '供應商',
  `in_date` date NULL DEFAULT NULL COMMENT '入庫日期',
  `depot_id` bigint(20) NULL DEFAULT NULL COMMENT '仓库',
  PRIMARY KEY (`id`) USING BTREE,
  INDEX `FKdqrd3p9nsxjd5lcc2d3lqb1qn`(`supplier_id`) USING BTREE,
  INDEX `FKgnvqxggved4xslbkhxcfuvxt1`(`depot_id`) USING BTREE,
  CONSTRAINT `FKdqrd3p9nsxjd5lcc2d3lqb1qn` FOREIGN KEY (`supplier_id`) REFERENCES `t_pmc_supplier` (`id`) ON DELETE RESTRICT ON UPDATE RESTRICT,
  CONSTRAINT `FKgnvqxggved4xslbkhxcfuvxt1` FOREIGN KEY (`depot_id`) REFERENCES `t_store_depot` (`id`) ON DELETE RESTRICT ON UPDATE RESTRICT
) ENGINE = InnoDB AUTO_INCREMENT = 2 CHARACTER SET = utf8 COLLATE = utf8_general_ci COMMENT = '原輔料、零件採購單' ROW_FORMAT = Dynamic;

-- ----------------------------
-- Records of t_pmc_part_purchase
-- ----------------------------
INSERT INTO `t_pmc_part_purchase` VALUES (1, 0, NULL, NULL, 'PCLIST20190530001', '2019-05-30', NULL, '2019-06-06', '管理員', NULL, NULL, NULL, NULL, '五金', NULL, 1, NULL, NULL);

-- ----------------------------
-- Table structure for t_pmc_part_purchase_detail
-- ----------------------------
DROP TABLE IF EXISTS `t_pmc_part_purchase_detail`;
CREATE TABLE `t_pmc_part_purchase_detail`  (
  `id` bigint(20) NOT NULL AUTO_INCREMENT,
  `currency` varchar(255) CHARACTER SET utf8 COLLATE utf8_general_ci NULL DEFAULT NULL COMMENT '幣別',
  `delivery_date` date NULL DEFAULT NULL COMMENT '預計到貨日期',
  `indate` date NULL DEFAULT NULL COMMENT '入庫日期',
  `innumber` decimal(10, 2) NULL DEFAULT NULL COMMENT '入庫數量',
  `number` decimal(10, 2) NULL DEFAULT NULL COMMENT '數量',
  `price` decimal(10, 2) NULL DEFAULT NULL COMMENT '單價',
  `producing_code` text CHARACTER SET utf8 COLLATE utf8_general_ci NULL COMMENT '生產單號',
  `remark` varchar(255) CHARACTER SET utf8 COLLATE utf8_general_ci NULL DEFAULT NULL COMMENT '備註',
  `status` int(10) NULL DEFAULT NULL COMMENT '0未入庫 1部分入庫 2全部入庫',
  `total` decimal(10, 2) NULL DEFAULT NULL COMMENT '冗餘:生產所需數量',
  `unit` varchar(255) CHARACTER SET utf8 COLLATE utf8_general_ci NULL DEFAULT NULL COMMENT '單位',
  `part_id` bigint(20) NULL DEFAULT NULL COMMENT '零件',
  `part_purchase_id` bigint(20) NULL DEFAULT NULL COMMENT '訂購單',
  PRIMARY KEY (`id`) USING BTREE,
  INDEX `FKn23i0krwwb5x3rcl3u0rfupn6`(`part_id`) USING BTREE,
  INDEX `FK9hb3w33s8v8vtj2ulw45qxmqx`(`part_purchase_id`) USING BTREE,
  CONSTRAINT `FK9hb3w33s8v8vtj2ulw45qxmqx` FOREIGN KEY (`part_purchase_id`) REFERENCES `t_pmc_part_purchase` (`id`) ON DELETE RESTRICT ON UPDATE RESTRICT,
  CONSTRAINT `FKn23i0krwwb5x3rcl3u0rfupn6` FOREIGN KEY (`part_id`) REFERENCES `t_engineering_part` (`id`) ON DELETE RESTRICT ON UPDATE RESTRICT
) ENGINE = InnoDB AUTO_INCREMENT = 2 CHARACTER SET = utf8 COLLATE = utf8_general_ci COMMENT = '採購單明細' ROW_FORMAT = Dynamic;

-- ----------------------------
-- Records of t_pmc_part_purchase_detail
-- ----------------------------
INSERT INTO `t_pmc_part_purchase_detail` VALUES (1, '$', '2019-05-30', NULL, 0.00, 100000.00, 0.01, NULL, NULL, NULL, NULL, 'PC', 82, 1);

-- ----------------------------
-- Table structure for t_pmc_producing
-- ----------------------------
DROP TABLE IF EXISTS `t_pmc_producing`;
CREATE TABLE `t_pmc_producing`  (
  `id` bigint(20) NOT NULL AUTO_INCREMENT,
  `is_analysis` tinyint(4) NULL DEFAULT NULL COMMENT '是否已分析',
  `code` varchar(255) CHARACTER SET utf8 COLLATE utf8_general_ci NULL DEFAULT NULL COMMENT '生产单号',
  `end` timestamp(0) NOT NULL DEFAULT CURRENT_TIMESTAMP(0) ON UPDATE CURRENT_TIMESTAMP(0) COMMENT '完成日期',
  `number` decimal(10, 2) NULL DEFAULT NULL COMMENT '數量',
  `start` timestamp(0) NOT NULL COMMENT '开始日期',
  `cycle_id` bigint(20) NULL DEFAULT NULL COMMENT '周期',
  `part_id` bigint(20) NULL DEFAULT NULL COMMENT '光身',
  PRIMARY KEY (`id`) USING BTREE,
  INDEX `FK7v72xppkpgk4b0k48o43jqes1`(`cycle_id`) USING BTREE,
  INDEX `FKmq2hhlnr70gxojdtikt6emcxe`(`part_id`) USING BTREE,
  CONSTRAINT `FK7v72xppkpgk4b0k48o43jqes1` FOREIGN KEY (`cycle_id`) REFERENCES `t_pmc_cycle` (`id`) ON DELETE RESTRICT ON UPDATE RESTRICT,
  CONSTRAINT `FKmq2hhlnr70gxojdtikt6emcxe` FOREIGN KEY (`part_id`) REFERENCES `t_engineering_part` (`id`) ON DELETE RESTRICT ON UPDATE RESTRICT
) ENGINE = InnoDB AUTO_INCREMENT = 1 CHARACTER SET = utf8 COLLATE = utf8_general_ci COMMENT = '光身生產單' ROW_FORMAT = Dynamic;

-- ----------------------------
-- Table structure for t_pmc_producing_material
-- ----------------------------
DROP TABLE IF EXISTS `t_pmc_producing_material`;
CREATE TABLE `t_pmc_producing_material`  (
  `id` bigint(20) NOT NULL AUTO_INCREMENT,
  `number` decimal(14, 4) NULL DEFAULT NULL COMMENT '數量',
  `process` int(11) NULL DEFAULT NULL COMMENT '任務類型',
  `producing_code` varchar(255) CHARACTER SET utf8 COLLATE utf8_general_ci NULL DEFAULT NULL COMMENT '生产單號',
  `is_purchase` tinyint(4) NULL DEFAULT NULL COMMENT '是否安排采购',
  `cycle_id` bigint(20) NULL DEFAULT NULL COMMENT '周期',
  `part_id` bigint(20) NULL DEFAULT NULL COMMENT '零件',
  `purchase_detail_id` bigint(20) NULL DEFAULT NULL COMMENT '采购明细',
  `producing_id` bigint(20) NULL DEFAULT NULL COMMENT '光身生产单',
  PRIMARY KEY (`id`) USING BTREE,
  INDEX `FKmdm0dkatv38lc3iefq20x6g88`(`cycle_id`) USING BTREE,
  INDEX `FKnijww6cnp24pj4gb5apr85nlh`(`part_id`) USING BTREE,
  INDEX `FKpaigk6y81bq7mk504rciv2uo8`(`purchase_detail_id`) USING BTREE,
  INDEX `FKhrbnfj3ygxvr6j1ta9ui4u89x`(`producing_id`) USING BTREE,
  CONSTRAINT `FKhrbnfj3ygxvr6j1ta9ui4u89x` FOREIGN KEY (`producing_id`) REFERENCES `t_pmc_producing` (`id`) ON DELETE RESTRICT ON UPDATE RESTRICT,
  CONSTRAINT `FKmdm0dkatv38lc3iefq20x6g88` FOREIGN KEY (`cycle_id`) REFERENCES `t_pmc_cycle` (`id`) ON DELETE RESTRICT ON UPDATE RESTRICT,
  CONSTRAINT `FKnijww6cnp24pj4gb5apr85nlh` FOREIGN KEY (`part_id`) REFERENCES `t_engineering_part` (`id`) ON DELETE RESTRICT ON UPDATE RESTRICT,
  CONSTRAINT `FKpaigk6y81bq7mk504rciv2uo8` FOREIGN KEY (`purchase_detail_id`) REFERENCES `t_pmc_part_purchase_detail` (`id`) ON DELETE RESTRICT ON UPDATE RESTRICT
) ENGINE = InnoDB AUTO_INCREMENT = 1 CHARACTER SET = utf8 COLLATE = utf8_general_ci COMMENT = '物料跟進單' ROW_FORMAT = Dynamic;

-- ----------------------------
-- Table structure for t_pmc_producing_part
-- ----------------------------
DROP TABLE IF EXISTS `t_pmc_producing_part`;
CREATE TABLE `t_pmc_producing_part`  (
  `id` bigint(20) NOT NULL AUTO_INCREMENT,
  `check_date` timestamp(0) NOT NULL DEFAULT CURRENT_TIMESTAMP(0) ON UPDATE CURRENT_TIMESTAMP(0) COMMENT '驗貨期',
  `code` varchar(255) CHARACTER SET utf8 COLLATE utf8_general_ci NULL DEFAULT NULL COMMENT '產品或光身編號',
  `date_code` varchar(255) CHARACTER SET utf8 COLLATE utf8_general_ci NULL DEFAULT NULL COMMENT '日期碼',
  `end` timestamp(0) NOT NULL COMMENT '完成日期',
  `is_finish` tinyint(4) NULL DEFAULT NULL COMMENT '任務是否完成',
  `fk_id` bigint(20) NULL DEFAULT NULL COMMENT '關鍵表id',
  `line` varchar(255) CHARACTER SET utf8 COLLATE utf8_general_ci NULL DEFAULT NULL COMMENT '拉別=流水線',
  `name` varchar(255) CHARACTER SET utf8 COLLATE utf8_general_ci NULL DEFAULT NULL COMMENT '產品或光身',
  `nature` varchar(255) CHARACTER SET utf8 COLLATE utf8_general_ci NULL DEFAULT NULL COMMENT '类型',
  `number` decimal(10, 2) NULL DEFAULT NULL COMMENT '訂單數',
  `process` int(11) NULL DEFAULT NULL COMMENT '任務類型',
  `producing_code` varchar(255) CHARACTER SET utf8 COLLATE utf8_general_ci NULL DEFAULT NULL COMMENT '生產單號',
  `start` timestamp(0) NOT NULL COMMENT '开始日期',
  `total` decimal(10, 2) NULL DEFAULT NULL COMMENT '合計',
  `type` int(11) NULL DEFAULT NULL COMMENT '表類型：order|producing',
  `worktime` decimal(10, 2) NULL DEFAULT NULL COMMENT '工時s',
  PRIMARY KEY (`id`) USING BTREE
) ENGINE = InnoDB AUTO_INCREMENT = 1 CHARACTER SET = utf8 COLLATE = utf8_general_ci COMMENT = '光身生產訂單裝配丶噴油丶轉移任務表' ROW_FORMAT = Dynamic;

-- ----------------------------
-- Table structure for t_pmc_producing_tool
-- ----------------------------
DROP TABLE IF EXISTS `t_pmc_producing_tool`;
CREATE TABLE `t_pmc_producing_tool`  (
  `id` bigint(20) NOT NULL AUTO_INCREMENT,
  `check_date` date NULL DEFAULT NULL COMMENT '验收日期',
  `end` date NULL DEFAULT NULL COMMENT '完成日期',
  `is_finish` tinyint(4) NULL DEFAULT NULL COMMENT '完成否',
  `machine` varchar(255) CHARACTER SET utf8 COLLATE utf8_general_ci NULL DEFAULT NULL COMMENT '机号',
  `number` decimal(10, 2) NULL DEFAULT NULL COMMENT '數量',
  `remark` varchar(255) CHARACTER SET utf8 COLLATE utf8_general_ci NULL DEFAULT NULL COMMENT '备注',
  `start` date NULL DEFAULT NULL COMMENT '开始日期',
  `total` decimal(10, 2) NULL DEFAULT NULL COMMENT '累计',
  `total_out_material` decimal(10, 2) NULL DEFAULT NULL COMMENT '累计派料',
  `total_out_work` decimal(10, 2) NULL DEFAULT NULL COMMENT '累计外發',
  `producing_id` bigint(20) NULL DEFAULT NULL COMMENT '光身生产单',
  `tool_id` bigint(20) NULL DEFAULT NULL COMMENT '模型',
  PRIMARY KEY (`id`) USING BTREE,
  INDEX `FK5cp1k2pfw5l52ybqd8x6d0rne`(`producing_id`) USING BTREE,
  INDEX `FK8s4yggg9g8gnjdt4shliyjv61`(`tool_id`) USING BTREE,
  CONSTRAINT `FK5cp1k2pfw5l52ybqd8x6d0rne` FOREIGN KEY (`producing_id`) REFERENCES `t_pmc_producing` (`id`) ON DELETE RESTRICT ON UPDATE RESTRICT,
  CONSTRAINT `FK8s4yggg9g8gnjdt4shliyjv61` FOREIGN KEY (`tool_id`) REFERENCES `t_engineering_tool` (`id`) ON DELETE RESTRICT ON UPDATE RESTRICT
) ENGINE = InnoDB AUTO_INCREMENT = 1 CHARACTER SET = utf8 COLLATE = utf8_general_ci COMMENT = '光身生產訂單注塑模型表' ROW_FORMAT = Dynamic;

-- ----------------------------
-- Table structure for t_pmc_producing_tool_part
-- ----------------------------
DROP TABLE IF EXISTS `t_pmc_producing_tool_part`;
CREATE TABLE `t_pmc_producing_tool_part`  (
  `id` bigint(20) NOT NULL AUTO_INCREMENT,
  `number` decimal(10, 2) NULL DEFAULT NULL COMMENT '零件数',
  `remark` varchar(255) CHARACTER SET utf8 COLLATE utf8_general_ci NULL DEFAULT NULL COMMENT '备注',
  `is_use` tinyint(4) NULL DEFAULT NULL COMMENT '是否注塑',
  `part_id` bigint(20) NULL DEFAULT NULL COMMENT '零件',
  `producing_tool_id` bigint(20) NULL DEFAULT NULL COMMENT '零件',
  PRIMARY KEY (`id`) USING BTREE,
  INDEX `FKd25vi8m3ng2jn5dgry7hnmtjg`(`part_id`) USING BTREE,
  INDEX `FKmq9t286r69q9dy6wnb0riq8kp`(`producing_tool_id`) USING BTREE,
  CONSTRAINT `FKd25vi8m3ng2jn5dgry7hnmtjg` FOREIGN KEY (`part_id`) REFERENCES `t_engineering_part` (`id`) ON DELETE RESTRICT ON UPDATE RESTRICT,
  CONSTRAINT `FKmq9t286r69q9dy6wnb0riq8kp` FOREIGN KEY (`producing_tool_id`) REFERENCES `t_pmc_producing_tool` (`id`) ON DELETE RESTRICT ON UPDATE RESTRICT
) ENGINE = InnoDB AUTO_INCREMENT = 1 CHARACTER SET = utf8 COLLATE = utf8_general_ci COMMENT = '注塑生产零件' ROW_FORMAT = Dynamic;

-- ----------------------------
-- Table structure for t_pmc_shipment
-- ----------------------------
DROP TABLE IF EXISTS `t_pmc_shipment`;
CREATE TABLE `t_pmc_shipment`  (
  `id` bigint(20) NOT NULL AUTO_INCREMENT,
  `address` varchar(255) CHARACTER SET utf8 COLLATE utf8_general_ci NULL DEFAULT NULL COMMENT '地址',
  `cabin` varchar(255) CHARACTER SET utf8 COLLATE utf8_general_ci NULL DEFAULT NULL COMMENT '倉號',
  `code` varchar(255) CHARACTER SET utf8 COLLATE utf8_general_ci NULL DEFAULT NULL COMMENT '單號',
  `container` varchar(255) CHARACTER SET utf8 COLLATE utf8_general_ci NULL DEFAULT NULL COMMENT '櫃型',
  `container_code` varchar(255) CHARACTER SET utf8 COLLATE utf8_general_ci NULL DEFAULT NULL COMMENT '櫃號',
  `date` timestamp(0) NOT NULL DEFAULT CURRENT_TIMESTAMP(0) ON UPDATE CURRENT_TIMESTAMP(0) COMMENT '收單期',
  `delivery_date` timestamp(0) NOT NULL COMMENT '收貨時間',
  `phone` varchar(255) CHARACTER SET utf8 COLLATE utf8_general_ci NULL DEFAULT NULL COMMENT '手機',
  `plate` varchar(255) CHARACTER SET utf8 COLLATE utf8_general_ci NULL DEFAULT NULL COMMENT '車牌',
  `remark` varchar(255) CHARACTER SET utf8 COLLATE utf8_general_ci NULL DEFAULT NULL COMMENT '備註',
  `seal` varchar(255) CHARACTER SET utf8 COLLATE utf8_general_ci NULL DEFAULT NULL COMMENT '封條',
  `state` varchar(255) CHARACTER SET utf8 COLLATE utf8_general_ci NULL DEFAULT NULL COMMENT '國家',
  `transport` varchar(255) CHARACTER SET utf8 COLLATE utf8_general_ci NULL DEFAULT NULL COMMENT '運輸',
  PRIMARY KEY (`id`) USING BTREE
) ENGINE = InnoDB AUTO_INCREMENT = 1 CHARACTER SET = utf8 COLLATE = utf8_general_ci COMMENT = '船務' ROW_FORMAT = Dynamic;

-- ----------------------------
-- Table structure for t_pmc_supplier
-- ----------------------------
DROP TABLE IF EXISTS `t_pmc_supplier`;
CREATE TABLE `t_pmc_supplier`  (
  `id` bigint(20) NOT NULL AUTO_INCREMENT,
  `address` varchar(255) CHARACTER SET utf8 COLLATE utf8_general_ci NULL DEFAULT NULL COMMENT '地址',
  `code` varchar(255) CHARACTER SET utf8 COLLATE utf8_general_ci NOT NULL COMMENT '編號',
  `contacts` varchar(255) CHARACTER SET utf8 COLLATE utf8_general_ci NULL DEFAULT NULL COMMENT '聯繫人',
  `fax` varchar(255) CHARACTER SET utf8 COLLATE utf8_general_ci NULL DEFAULT NULL COMMENT '公司傳真',
  `materials` text CHARACTER SET utf8 COLLATE utf8_general_ci NULL COMMENT '所供應物料',
  `name` varchar(255) CHARACTER SET utf8 COLLATE utf8_general_ci NULL DEFAULT NULL COMMENT '全稱',
  `nature` varchar(255) CHARACTER SET utf8 COLLATE utf8_general_ci NULL DEFAULT NULL COMMENT '類別',
  `phone` varchar(255) CHARACTER SET utf8 COLLATE utf8_general_ci NULL DEFAULT NULL COMMENT '聯繫人手機',
  `sname` varchar(255) CHARACTER SET utf8 COLLATE utf8_general_ci NULL DEFAULT NULL COMMENT '簡稱',
  `tel` varchar(255) CHARACTER SET utf8 COLLATE utf8_general_ci NULL DEFAULT NULL COMMENT '公司電話',
  PRIMARY KEY (`id`) USING BTREE
) ENGINE = InnoDB AUTO_INCREMENT = 4 CHARACTER SET = utf8 COLLATE = utf8_general_ci COMMENT = '供應商表' ROW_FORMAT = Dynamic;

-- ----------------------------
-- Records of t_pmc_supplier
-- ----------------------------
INSERT INTO `t_pmc_supplier` VALUES (1, 'abcdefghijklmn', 'SUPPLIER001', 'admin', '123123', 'eee', '供應商001', 'www', '88888888', 'qqq', '123123123');
INSERT INTO `t_pmc_supplier` VALUES (2, 'fhsdhfsdf', '12312313', 'cxvzdfgadsf', '13241234', '456', '3123123123', '332211', '13253475647', '212112', '78901234');
INSERT INTO `t_pmc_supplier` VALUES (3, '11110000', '1111111111', '888', '77777', '555', '2222222222', '444', '99999', '3333333333', '6666666');

-- ----------------------------
-- Table structure for t_pmc_tool_out_work
-- ----------------------------
DROP TABLE IF EXISTS `t_pmc_tool_out_work`;
CREATE TABLE `t_pmc_tool_out_work`  (
  `id` bigint(20) NOT NULL AUTO_INCREMENT,
  `code` varchar(255) CHARACTER SET utf8 COLLATE utf8_general_ci NULL DEFAULT NULL COMMENT '單號',
  `date` timestamp(0) NOT NULL DEFAULT CURRENT_TIMESTAMP(0) ON UPDATE CURRENT_TIMESTAMP(0) COMMENT '訂單日期',
  `factory_id` bigint(20) NULL DEFAULT NULL COMMENT '外發工廠',
  `nature` varchar(255) CHARACTER SET utf8 COLLATE utf8_general_ci NULL DEFAULT NULL COMMENT '加工工序',
  PRIMARY KEY (`id`) USING BTREE
) ENGINE = InnoDB AUTO_INCREMENT = 1 CHARACTER SET = utf8 COLLATE = utf8_general_ci COMMENT = '注塑外發單' ROW_FORMAT = Dynamic;

-- ----------------------------
-- Table structure for t_pmc_tool_out_work_detail
-- ----------------------------
DROP TABLE IF EXISTS `t_pmc_tool_out_work_detail`;
CREATE TABLE `t_pmc_tool_out_work_detail`  (
  `id` bigint(20) NOT NULL AUTO_INCREMENT,
  `price` decimal(10, 2) NULL DEFAULT NULL COMMENT '單價',
  `producing_tool_id` bigint(20) NULL DEFAULT NULL COMMENT '注塑任務',
  `tool_out_work_id` bigint(20) NULL DEFAULT NULL COMMENT '外發單',
  PRIMARY KEY (`id`) USING BTREE,
  INDEX `FKow3cmu5xt67gu6ptakevhb9pf`(`producing_tool_id`) USING BTREE,
  INDEX `FK69ux586iu1d99a0aabj04v733`(`tool_out_work_id`) USING BTREE,
  CONSTRAINT `FK69ux586iu1d99a0aabj04v733` FOREIGN KEY (`tool_out_work_id`) REFERENCES `t_pmc_tool_out_work` (`id`) ON DELETE RESTRICT ON UPDATE RESTRICT,
  CONSTRAINT `FKow3cmu5xt67gu6ptakevhb9pf` FOREIGN KEY (`producing_tool_id`) REFERENCES `t_pmc_producing_tool` (`id`) ON DELETE RESTRICT ON UPDATE RESTRICT
) ENGINE = InnoDB AUTO_INCREMENT = 1 CHARACTER SET = utf8 COLLATE = utf8_general_ci COMMENT = '注塑外發單明細' ROW_FORMAT = Dynamic;

-- ----------------------------
-- Table structure for t_store_barcode
-- ----------------------------
DROP TABLE IF EXISTS `t_store_barcode`;
CREATE TABLE `t_store_barcode`  (
  `id` bigint(20) NOT NULL AUTO_INCREMENT,
  `code` varchar(50) CHARACTER SET utf8 COLLATE utf8_general_ci NULL DEFAULT NULL COMMENT '條形碼編號',
  `imd_Id` bigint(50) NULL DEFAULT NULL COMMENT '出入庫ID',
  `material_code` varchar(50) CHARACTER SET utf8 COLLATE utf8_general_ci NULL DEFAULT NULL COMMENT '條形碼編號',
  `producing_code` varchar(50) CHARACTER SET utf8 COLLATE utf8_general_ci NULL DEFAULT NULL COMMENT '條形碼編號',
  `status` decimal(10, 2) NULL DEFAULT NULL COMMENT '待入庫數量',
  `total_number` decimal(10, 2) NULL DEFAULT NULL COMMENT '待入庫數量',
  `unit` varchar(255) CHARACTER SET utf8 COLLATE utf8_general_ci NULL DEFAULT NULL COMMENT '單位',
  `unitNumber` decimal(10, 2) NULL DEFAULT NULL COMMENT '單位存放數量',
  `unitWeight` decimal(10, 2) NULL DEFAULT NULL COMMENT '單重',
  `depot_id` bigint(20) NULL DEFAULT NULL COMMENT '倉庫卡位位置',
  `date` date NULL DEFAULT NULL COMMENT '入库日期',
  `gross_weight` decimal(10, 2) NULL DEFAULT NULL COMMENT '毛重',
  `material_id` bigint(20) NULL DEFAULT NULL COMMENT '零件或產品',
  `material_type` tinyint(2) NULL DEFAULT NULL COMMENT '外聯零件或產品表',
  `net_weight` decimal(10, 2) NULL DEFAULT NULL COMMENT '净重',
  `number` decimal(10, 2) NULL DEFAULT NULL COMMENT '單位數量',
  `remark` varchar(255) CHARACTER SET utf8 COLLATE utf8_general_ci NULL DEFAULT NULL COMMENT '備註',
  `stowage` varchar(50) CHARACTER SET utf8 COLLATE utf8_general_ci NULL DEFAULT NULL COMMENT '存放单位',
  `supplier` varchar(255) CHARACTER SET utf8 COLLATE utf8_general_ci NULL DEFAULT NULL COMMENT '供应商',
  PRIMARY KEY (`id`) USING BTREE,
  INDEX `FKq6dkni38yj7tol9ww70j3ckk5`(`depot_id`) USING BTREE,
  CONSTRAINT `FKq6dkni38yj7tol9ww70j3ckk5` FOREIGN KEY (`depot_id`) REFERENCES `t_store_depot` (`id`) ON DELETE RESTRICT ON UPDATE RESTRICT
) ENGINE = InnoDB AUTO_INCREMENT = 1 CHARACTER SET = utf8 COLLATE = utf8_general_ci COMMENT = '條形碼' ROW_FORMAT = Dynamic;

-- ----------------------------
-- Table structure for t_store_barrecord
-- ----------------------------
DROP TABLE IF EXISTS `t_store_barrecord`;
CREATE TABLE `t_store_barrecord`  (
  `id` bigint(20) NOT NULL AUTO_INCREMENT,
  `imd_Id` bigint(50) NULL DEFAULT NULL COMMENT '接收數量',
  `material_code` varchar(50) CHARACTER SET utf8 COLLATE utf8_general_ci NULL DEFAULT NULL COMMENT '接收數量',
  `operator` varchar(50) CHARACTER SET utf8 COLLATE utf8_general_ci NULL DEFAULT NULL COMMENT '接收數量',
  `producing_code` varchar(50) CHARACTER SET utf8 COLLATE utf8_general_ci NULL DEFAULT NULL COMMENT '接收數量',
  `time` datetime(0) NULL DEFAULT NULL COMMENT '接收數量',
  `total_number` decimal(10, 2) NULL DEFAULT NULL COMMENT '接收數量',
  PRIMARY KEY (`id`) USING BTREE
) ENGINE = InnoDB AUTO_INCREMENT = 1 CHARACTER SET = utf8 COLLATE = utf8_general_ci COMMENT = '仓库接收' ROW_FORMAT = Dynamic;

-- ----------------------------
-- Table structure for t_store_depot
-- ----------------------------
DROP TABLE IF EXISTS `t_store_depot`;
CREATE TABLE `t_store_depot`  (
  `id` bigint(20) NOT NULL AUTO_INCREMENT,
  `name` varchar(255) CHARACTER SET utf8 COLLATE utf8_general_ci NULL DEFAULT NULL COMMENT '名稱',
  `is_use` tinyint(4) NULL DEFAULT NULL COMMENT '是否計入',
  PRIMARY KEY (`id`) USING BTREE
) ENGINE = InnoDB AUTO_INCREMENT = 1 CHARACTER SET = utf8 COLLATE = utf8_general_ci COMMENT = '倉庫' ROW_FORMAT = Dynamic;

-- ----------------------------
-- Table structure for t_store_depot_employee
-- ----------------------------
DROP TABLE IF EXISTS `t_store_depot_employee`;
CREATE TABLE `t_store_depot_employee`  (
  `id` bigint(20) NOT NULL AUTO_INCREMENT,
  `depot_id` bigint(20) NULL DEFAULT NULL COMMENT '倉庫',
  `user_id` bigint(20) NULL DEFAULT NULL COMMENT '員工',
  PRIMARY KEY (`id`) USING BTREE,
  INDEX `FK6o5jkbevmjvnoelnrwcyiwfdf`(`depot_id`) USING BTREE,
  INDEX `FKlu4wyj87ugvl6o5y21ah9et45`(`user_id`) USING BTREE,
  CONSTRAINT `FK6o5jkbevmjvnoelnrwcyiwfdf` FOREIGN KEY (`depot_id`) REFERENCES `t_store_depot` (`id`) ON DELETE RESTRICT ON UPDATE RESTRICT,
  CONSTRAINT `FKlu4wyj87ugvl6o5y21ah9et45` FOREIGN KEY (`user_id`) REFERENCES `users` (`id`) ON DELETE RESTRICT ON UPDATE RESTRICT
) ENGINE = InnoDB AUTO_INCREMENT = 1 CHARACTER SET = utf8 COLLATE = utf8_general_ci COMMENT = '倉庫員工與倉庫的關係' ROW_FORMAT = Dynamic;

-- ----------------------------
-- Table structure for t_store_in_material
-- ----------------------------
DROP TABLE IF EXISTS `t_store_in_material`;
CREATE TABLE `t_store_in_material`  (
  `id` bigint(20) NOT NULL AUTO_INCREMENT,
  `is_audit` tinyint(4) NULL DEFAULT NULL COMMENT '審核通過',
  `code` varchar(255) CHARACTER SET utf8 COLLATE utf8_general_ci NULL DEFAULT NULL COMMENT '入庫單號',
  `date` date NULL DEFAULT NULL COMMENT '創建時間',
  `delivery_code` varchar(50) CHARACTER SET utf8 COLLATE utf8_general_ci NULL DEFAULT NULL COMMENT '來源單號',
  `department` varchar(255) CHARACTER SET utf8 COLLATE utf8_general_ci NULL DEFAULT NULL COMMENT '入仓部门',
  `editor` varchar(255) CHARACTER SET utf8 COLLATE utf8_general_ci NULL DEFAULT NULL COMMENT '制單人',
  `handler` varchar(255) CHARACTER SET utf8 COLLATE utf8_general_ci NULL DEFAULT NULL COMMENT '入庫經手人',
  `in_date` date NULL DEFAULT NULL COMMENT '入庫日期',
  `producing_code` varchar(255) CHARACTER SET utf8 COLLATE utf8_general_ci NULL DEFAULT NULL COMMENT '生產單號',
  `status` int(10) NULL DEFAULT NULL COMMENT '0未入庫，1入庫 ',
  `type` int(5) NULL DEFAULT NULL COMMENT '0 客供  1退貨 2生產',
  `depot_id` bigint(50) NULL DEFAULT NULL COMMENT '倉庫',
  `indepoter` varchar(255) CHARACTER SET utf8 COLLATE utf8_general_ci NULL DEFAULT NULL COMMENT '入庫經手人',
  PRIMARY KEY (`id`) USING BTREE,
  INDEX `FKyg1xml4p5pq6x4u2ipix95bk`(`depot_id`) USING BTREE,
  CONSTRAINT `FKyg1xml4p5pq6x4u2ipix95bk` FOREIGN KEY (`depot_id`) REFERENCES `t_store_depot` (`id`) ON DELETE RESTRICT ON UPDATE RESTRICT
) ENGINE = InnoDB AUTO_INCREMENT = 1 CHARACTER SET = utf8 COLLATE = utf8_general_ci COMMENT = '入庫申請單' ROW_FORMAT = Dynamic;

-- ----------------------------
-- Table structure for t_store_in_material_detail
-- ----------------------------
DROP TABLE IF EXISTS `t_store_in_material_detail`;
CREATE TABLE `t_store_in_material_detail`  (
  `id` bigint(20) NOT NULL AUTO_INCREMENT,
  `innumber` decimal(10, 2) NULL DEFAULT NULL COMMENT '已入庫數量',
  `material_id` bigint(50) NULL DEFAULT NULL COMMENT '零件',
  `material_type` tinyint(2) NULL DEFAULT NULL COMMENT '外聯表',
  `nature` varchar(50) CHARACTER SET utf8 COLLATE utf8_general_ci NULL DEFAULT NULL COMMENT '物料屬性',
  `number` decimal(10, 2) NULL DEFAULT NULL COMMENT '計劃入庫數量',
  `remark` varchar(255) CHARACTER SET utf8 COLLATE utf8_general_ci NULL DEFAULT NULL COMMENT '備註',
  `status` tinyint(2) NULL DEFAULT NULL COMMENT '0未入庫 1已入庫',
  `unit` varchar(10) CHARACTER SET utf8 COLLATE utf8_general_ci NULL DEFAULT NULL COMMENT '單位',
  `in_material_id` bigint(20) NULL DEFAULT NULL COMMENT '入庫申請單',
  `total` decimal(10, 2) NULL DEFAULT NULL COMMENT '已入庫數量',
  PRIMARY KEY (`id`) USING BTREE,
  INDEX `FKg7rsnyru2wukx15o6fb7k5vvy`(`in_material_id`) USING BTREE,
  CONSTRAINT `FKg7rsnyru2wukx15o6fb7k5vvy` FOREIGN KEY (`in_material_id`) REFERENCES `t_store_in_material` (`id`) ON DELETE RESTRICT ON UPDATE RESTRICT
) ENGINE = InnoDB AUTO_INCREMENT = 1 CHARACTER SET = utf8 COLLATE = utf8_general_ci COMMENT = '入庫申請單明細' ROW_FORMAT = Dynamic;

-- ----------------------------
-- Table structure for t_store_inout_material_detail
-- ----------------------------
DROP TABLE IF EXISTS `t_store_inout_material_detail`;
CREATE TABLE `t_store_inout_material_detail`  (
  `id` bigint(20) NOT NULL AUTO_INCREMENT,
  `material_id` bigint(20) NULL DEFAULT NULL COMMENT '零件',
  `material_type` tinyint(2) NULL DEFAULT NULL COMMENT '外聯表',
  `number` decimal(10, 2) NULL DEFAULT NULL COMMENT '出入庫數量',
  `producing_code` varchar(255) CHARACTER SET utf8 COLLATE utf8_general_ci NULL DEFAULT NULL COMMENT '生產單號',
  `producing_type` tinyint(4) NULL DEFAULT NULL COMMENT '訂單類型 ',
  `type` int(10) NULL DEFAULT NULL COMMENT '1入庫，-1出庫',
  `unit` varchar(255) CHARACTER SET utf8 COLLATE utf8_general_ci NULL DEFAULT NULL COMMENT '單位',
  `stock_id` bigint(20) NULL DEFAULT NULL COMMENT '库存 ',
  PRIMARY KEY (`id`) USING BTREE,
  INDEX `FK1aphro7skn06vy199gtraltdg`(`stock_id`) USING BTREE,
  CONSTRAINT `FK1aphro7skn06vy199gtraltdg` FOREIGN KEY (`stock_id`) REFERENCES `t_store_stock` (`id`) ON DELETE RESTRICT ON UPDATE RESTRICT
) ENGINE = InnoDB AUTO_INCREMENT = 1 CHARACTER SET = utf8 COLLATE = utf8_general_ci COMMENT = '出入庫單明細' ROW_FORMAT = Dynamic;

-- ----------------------------
-- Table structure for t_store_out_material
-- ----------------------------
DROP TABLE IF EXISTS `t_store_out_material`;
CREATE TABLE `t_store_out_material`  (
  `id` bigint(20) NOT NULL AUTO_INCREMENT,
  `is_audit` tinyint(4) NULL DEFAULT NULL COMMENT '備註',
  `audit_date` date NULL DEFAULT NULL COMMENT '備註',
  `code` varchar(255) CHARACTER SET utf8 COLLATE utf8_general_ci NULL DEFAULT NULL COMMENT '單號',
  `date` date NULL DEFAULT NULL COMMENT '派料日期',
  `department` varchar(255) CHARACTER SET utf8 COLLATE utf8_general_ci NULL DEFAULT NULL COMMENT '領料部門',
  `editor` varchar(255) CHARACTER SET utf8 COLLATE utf8_general_ci NULL DEFAULT NULL COMMENT '制單人',
  `expect_date` date NULL DEFAULT NULL COMMENT '備註',
  `out_date` date NULL DEFAULT NULL COMMENT '簽收日期',
  `picker` varchar(255) CHARACTER SET utf8 COLLATE utf8_general_ci NULL DEFAULT NULL COMMENT '領料人',
  `producing_code` varchar(255) CHARACTER SET utf8 COLLATE utf8_general_ci NULL DEFAULT NULL COMMENT '生產單號',
  `remark` varchar(255) CHARACTER SET utf8 COLLATE utf8_general_ci NULL DEFAULT NULL COMMENT '備註',
  `status` int(7) NULL DEFAULT NULL COMMENT '0未簽收，1部分簽收，2全部簽收',
  `depot_id` bigint(20) NULL DEFAULT NULL COMMENT '倉庫',
  PRIMARY KEY (`id`) USING BTREE,
  INDEX `FKs1x1x97jindcye4xs1byamlh5`(`depot_id`) USING BTREE,
  CONSTRAINT `FKs1x1x97jindcye4xs1byamlh5` FOREIGN KEY (`depot_id`) REFERENCES `t_store_depot` (`id`) ON DELETE RESTRICT ON UPDATE RESTRICT
) ENGINE = InnoDB AUTO_INCREMENT = 1 CHARACTER SET = utf8 COLLATE = utf8_general_ci COMMENT = '領料單' ROW_FORMAT = Dynamic;

-- ----------------------------
-- Table structure for t_store_out_material_detail
-- ----------------------------
DROP TABLE IF EXISTS `t_store_out_material_detail`;
CREATE TABLE `t_store_out_material_detail`  (
  `id` bigint(20) NOT NULL AUTO_INCREMENT,
  `actual_number` decimal(10, 2) NULL DEFAULT NULL COMMENT '簽收量',
  `loss_number` decimal(10, 2) NULL DEFAULT NULL COMMENT '損耗百分比',
  `material_id` bigint(20) NULL DEFAULT NULL COMMENT '零件',
  `materialName` varchar(255) CHARACTER SET utf8 COLLATE utf8_general_ci NULL DEFAULT NULL COMMENT '零件名稱',
  `material_type` tinyint(2) NULL DEFAULT NULL COMMENT '外聯表',
  `number` decimal(10, 2) NULL DEFAULT NULL COMMENT '计划領料數量',
  `order_number` decimal(10, 2) NULL DEFAULT NULL COMMENT '訂單量',
  `out_date` date NULL DEFAULT NULL COMMENT '簽收日期',
  `pick_number` decimal(10, 2) NULL DEFAULT NULL COMMENT '領料數量',
  `plan_number` decimal(10, 2) NULL DEFAULT NULL COMMENT '排產量',
  `remark` varchar(255) CHARACTER SET utf8 COLLATE utf8_general_ci NULL DEFAULT NULL COMMENT '備註',
  `status` int(7) NULL DEFAULT NULL COMMENT '0未簽收，1部分簽收 2全部簽收',
  `unit` varchar(10) CHARACTER SET utf8 COLLATE utf8_general_ci NULL DEFAULT NULL COMMENT '單位',
  `use_number` decimal(10, 2) NULL DEFAULT NULL COMMENT '用量',
  `out_material_id` bigint(20) NULL DEFAULT NULL COMMENT '領料單',
  `outnumber` decimal(10, 2) NULL DEFAULT NULL COMMENT '領料數量',
  `stock_id` bigint(20) NULL DEFAULT NULL COMMENT '領料庫存',
  PRIMARY KEY (`id`) USING BTREE,
  INDEX `FK1sq5fij9m7n9yyutjk1fpm91w`(`out_material_id`) USING BTREE,
  INDEX `FK23c418dgt2m313fckvin9lypi`(`stock_id`) USING BTREE,
  CONSTRAINT `FK1sq5fij9m7n9yyutjk1fpm91w` FOREIGN KEY (`out_material_id`) REFERENCES `t_store_out_material` (`id`) ON DELETE RESTRICT ON UPDATE RESTRICT,
  CONSTRAINT `FK23c418dgt2m313fckvin9lypi` FOREIGN KEY (`stock_id`) REFERENCES `t_store_stock` (`id`) ON DELETE RESTRICT ON UPDATE RESTRICT
) ENGINE = InnoDB AUTO_INCREMENT = 1 CHARACTER SET = utf8 COLLATE = utf8_general_ci COMMENT = '領料單明細' ROW_FORMAT = Dynamic;

-- ----------------------------
-- Table structure for t_store_outmaterial_detail_barcode
-- ----------------------------
DROP TABLE IF EXISTS `t_store_outmaterial_detail_barcode`;
CREATE TABLE `t_store_outmaterial_detail_barcode`  (
  `id` bigint(20) NOT NULL AUTO_INCREMENT,
  `barcode` varchar(50) CHARACTER SET utf8 COLLATE utf8_general_ci NULL DEFAULT NULL COMMENT '條形碼編號',
  `number` int(4) NULL DEFAULT NULL COMMENT '數量',
  `detail_id` bigint(20) NULL DEFAULT NULL COMMENT '領料單詳情ID',
  PRIMARY KEY (`id`) USING BTREE,
  INDEX `FKpf364rgl2id1e20kjwog5tkdb`(`detail_id`) USING BTREE,
  CONSTRAINT `FKpf364rgl2id1e20kjwog5tkdb` FOREIGN KEY (`detail_id`) REFERENCES `t_store_out_material_detail` (`id`) ON DELETE RESTRICT ON UPDATE RESTRICT
) ENGINE = InnoDB AUTO_INCREMENT = 1 CHARACTER SET = utf8 COLLATE = utf8_general_ci COMMENT = '領料單條形碼' ROW_FORMAT = Dynamic;

-- ----------------------------
-- Table structure for t_store_stock
-- ----------------------------
DROP TABLE IF EXISTS `t_store_stock`;
CREATE TABLE `t_store_stock`  (
  `id` bigint(20) NOT NULL AUTO_INCREMENT,
  `enable_number` decimal(10, 2) NULL DEFAULT NULL COMMENT '可用數量',
  `material_id` bigint(20) NULL DEFAULT NULL COMMENT '零件',
  `material_type` tinyint(2) NULL DEFAULT NULL COMMENT '外聯表',
  `nature` varchar(10) CHARACTER SET utf8 COLLATE utf8_general_ci NULL DEFAULT NULL COMMENT '物料屬性',
  `number` decimal(10, 2) NULL DEFAULT NULL COMMENT '數量',
  `unit` varchar(255) CHARACTER SET utf8 COLLATE utf8_general_ci NULL DEFAULT NULL COMMENT '單位',
  `depot_id` bigint(20) NULL DEFAULT NULL COMMENT '倉庫',
  PRIMARY KEY (`id`) USING BTREE,
  INDEX `FKsos85hhgimp1n8u7peanmgtpf`(`depot_id`) USING BTREE,
  CONSTRAINT `FKsos85hhgimp1n8u7peanmgtpf` FOREIGN KEY (`depot_id`) REFERENCES `t_store_depot` (`id`) ON DELETE RESTRICT ON UPDATE RESTRICT
) ENGINE = InnoDB AUTO_INCREMENT = 1 CHARACTER SET = utf8 COLLATE = utf8_general_ci COMMENT = '物料庫存表' ROW_FORMAT = Dynamic;

-- ----------------------------
-- Table structure for t_store_stock_lock
-- ----------------------------
DROP TABLE IF EXISTS `t_store_stock_lock`;
CREATE TABLE `t_store_stock_lock`  (
  `id` bigint(20) NOT NULL AUTO_INCREMENT,
  `outNumber` decimal(10, 2) NULL DEFAULT NULL COMMENT '累計已領數量',
  `producing_code` varchar(255) CHARACTER SET utf8 COLLATE utf8_general_ci NULL DEFAULT NULL COMMENT '生產單號',
  `producing_type` tinyint(4) NULL DEFAULT NULL COMMENT '訂單類型 ',
  `totalNumber` decimal(10, 2) NULL DEFAULT NULL COMMENT '鎖庫數量',
  `stock_id` bigint(20) NULL DEFAULT NULL COMMENT '庫存',
  PRIMARY KEY (`id`) USING BTREE,
  INDEX `FK2hvea2out9ik1c41dtgpj9q6v`(`stock_id`) USING BTREE,
  CONSTRAINT `FK2hvea2out9ik1c41dtgpj9q6v` FOREIGN KEY (`stock_id`) REFERENCES `t_store_stock` (`id`) ON DELETE RESTRICT ON UPDATE RESTRICT
) ENGINE = InnoDB AUTO_INCREMENT = 1 CHARACTER SET = utf8 COLLATE = utf8_general_ci COMMENT = '物料庫存鎖' ROW_FORMAT = Dynamic;

-- ----------------------------
-- Table structure for users
-- ----------------------------
DROP TABLE IF EXISTS `users`;
CREATE TABLE `users`  (
  `id` bigint(20) NOT NULL AUTO_INCREMENT,
  `department` varchar(255) CHARACTER SET utf8 COLLATE utf8_general_ci NULL DEFAULT NULL COMMENT '部门',
  `enabled` tinyint(4) NULL DEFAULT NULL COMMENT '是否有效',
  `name` varchar(255) CHARACTER SET utf8 COLLATE utf8_general_ci NULL DEFAULT NULL COMMENT '用户名称',
  `password` varchar(255) CHARACTER SET utf8 COLLATE utf8_general_ci NULL DEFAULT NULL COMMENT '密码',
  `phone` varchar(255) CHARACTER SET utf8 COLLATE utf8_general_ci NULL DEFAULT NULL COMMENT '联系电话',
  `position` varchar(255) CHARACTER SET utf8 COLLATE utf8_general_ci NULL DEFAULT NULL COMMENT '职位',
  `username` varchar(255) CHARACTER SET utf8 COLLATE utf8_general_ci NULL DEFAULT NULL COMMENT '用户名',
  PRIMARY KEY (`id`) USING BTREE,
  UNIQUE INDEX `UK_r43af9ap4edm43mmtq01oddj6`(`username`) USING BTREE
) ENGINE = InnoDB AUTO_INCREMENT = 6 CHARACTER SET = utf8 COLLATE = utf8_general_ci COMMENT = '用戶表' ROW_FORMAT = Compact;

-- ----------------------------
-- Records of users
-- ----------------------------
INSERT INTO `users` VALUES (1, NULL, 1, '管理員', 'admin', '111111', NULL, 'admin');
INSERT INTO `users` VALUES (2, '工程部', 1, '工程管理員', '000000', '111111', NULL, 'engineer001');
INSERT INTO `users` VALUES (3, 'pmc部門', 1, 'pmc管理員', '000000', '111111', NULL, 'pmc001');
INSERT INTO `users` VALUES (4, '倉庫', 1, '倉庫管理員', '000000', '111111', NULL, 'store001');
INSERT INTO `users` VALUES (5, '菜單管理', 1, '菜單管理員', '000000', '111111', NULL, 'developer');

SET FOREIGN_KEY_CHECKS = 1;
